2026-06-27 20:21:04.806: [INFO] OnDoneLoading sync enabled: 0
2026-06-28 06:08:53.949: [INFO] OnDoneLoading sync enabled: 0
2026-07-01 18:04:50.399: [INFO] OnDoneLoading sync enabled: 0
2026-07-03 07:52:09.719: [INFO] OnDoneLoading sync enabled: 0
2026-07-03 18:37:28.215: [INFO] OnDoneLoading sync enabled: 0
2026-07-04 03:26:01.068: [INFO] OnDoneLoading sync enabled: 0
2026-07-04 12:24:21.841: [INFO] OnDoneLoading sync enabled: 0
2026-07-04 14:46:10.423: [INFO] OnDoneLoading sync enabled: 0
2026-07-05 03:18:04.291: [INFO] OnDoneLoading sync enabled: 0
2026-07-05 03:20:13.050: [INFO] OnDoneLoading sync enabled: 0
2026-07-05 03:20:29.625: [INFO] OnDoneLoading sync enabled: 0
2026-07-05 18:49:40.526: [INFO] OnDoneLoading sync enabled: 0
2026-07-05 18:50:27.526: [INFO] OnDoneLoading sync enabled: 0
2026-07-05 19:02:48.986: [INFO] OnDoneLoading sync enabled: 0
2026-07-05 19:03:21.058: [INFO] OnDoneLoading sync enabled: 0
2026-07-05 19:06:35.501: [INFO] OnDoneLoading sync enabled: 0
2026-07-05 19:07:35.808: [INFO] OnDoneLoading sync enabled: 0
2026-07-05 19:12:02.229: [INFO] OnDoneLoading sync enabled: 0
2026-07-05 19:13:49.106: [INFO] OnDoneLoading sync enabled: 0
2026-07-06 16:55:16.682: [INFO] OnDoneLoading sync enabled: 0
2026-07-07 18:23:51.850: [INFO] OnDoneLoading sync enabled: 0
2026-07-07 19:12:00.410: [INFO] OnDoneLoading sync enabled: 0
2026-07-07 19:13:11.847: [INFO] OnDoneLoading sync enabled: 0
2026-07-07 19:14:52.946: [INFO] OnDoneLoading sync enabled: 0
2026-07-08 18:34:50.576: [INFO] OnDoneLoading sync enabled: 0
2026-07-09 18:50:08.797: [INFO] OnDoneLoading sync enabled: 0
2026-07-09 18:50:35.278: [INFO] OnDoneLoading sync enabled: 0
2026-07-09 18:53:32.799: [INFO] OnDoneLoading sync enabled: 0
2026-07-09 18:53:42.246: [INFO] OnDoneLoading sync enabled: 0
2026-07-09 18:56:49.214: [INFO] OnDoneLoading sync enabled: 0
2026-07-09 18:58:36.076: [INFO] OnDoneLoading sync enabled: 0
2026-07-09 18:59:00.050: [INFO] OnDoneLoading sync enabled: 0
2026-07-09 18:59:06.417: [INFO] OnDoneLoading sync enabled: 0
2026-07-09 19:13:39.185: [INFO] OnDoneLoading sync enabled: 0
2026-07-11 16:52:25.885: [INFO] OnDoneLoading sync enabled: 0
2026-07-11 16:53:38.400: [INFO] OnDoneLoading sync enabled: 0
2026-07-12 05:17:30.505: [INFO] OnDoneLoading sync enabled: 0
2026-07-12 09:58:10.404: [INFO] OnDoneLoading sync enabled: 0
2026-07-12 10:16:27.842: [INFO] OnDoneLoading sync enabled: 0
2026-07-12 14:54:38.769: [INFO] OnDoneLoading sync enabled: 0
2026-07-12 14:54:45.441: [INFO] OnDoneLoading sync enabled: 0
2026-07-12 14:54:46.533: [INFO] OnDoneLoading sync enabled: 0
2026-07-12 14:59:05.490: [INFO] OnDoneLoading sync enabled: 0
2026-07-12 15:06:13.497: [INFO] OnDoneLoading sync enabled: 0
2026-07-13 18:17:58.258: [INFO] OnDoneLoading sync enabled: 0
2026-07-14 18:04:57.834: [INFO] OnDoneLoading sync enabled: 0
2026-07-16 17:19:39.340: [INFO] OnDoneLoading sync enabled: 0
2026-07-20 16:51:19.657: [INFO] OnDoneLoading sync enabled: 0
2026-07-20 17:15:12.225: [INFO] OnDoneLoading sync enabled: 0
2026-07-22 18:42:41.152: [INFO] OnDoneLoading sync enabled: 0
2026-07-22 18:44:46.746: [INFO] OnDoneLoading sync enabled: 0
2026-07-22 18:45:03.714: [INFO] OnDoneLoading sync enabled: 0
2026-07-22 18:45:10.601: [INFO] OnDoneLoading sync enabled: 0
2026-07-22 18:47:36.032: [INFO] OnDoneLoading sync enabled: 0
2026-07-22 18:49:12.377: [INFO] OnDoneLoading sync enabled: 0
2026-07-22 18:49:52.937: [INFO] OnDoneLoading sync enabled: 0
2026-07-22 18:50:58.146: [INFO] OnDoneLoading sync enabled: 0
2026-07-22 18:53:43.048: [INFO] OnDoneLoading sync enabled: 0
2026-07-23 19:17:23.036: [INFO] OnDoneLoading sync enabled: 0
2026-07-24 18:24:19.375: [INFO] OnDoneLoading sync enabled: 0
2026-07-24 18:26:29.020: [INFO] OnDoneLoading sync enabled: 0
2026-07-26 17:22:58.110: [INFO] OnDoneLoading sync enabled: 0
2026-07-26 17:45:16.594: [INFO] OnDoneLoading sync enabled: 0
2026-07-28 17:12:48.545: [INFO] OnDoneLoading sync enabled: 0
2026-07-28 17:16:51.746: [INFO] OnDoneLoading sync enabled: 0
2026-07-31 17:22:15.679: [INFO] OnDoneLoading sync enabled: 0
2026-07-31 17:54:41.267: [INFO] OnDoneLoading sync enabled: 0
2026-08-02 17:48:51.807: [INFO] OnDoneLoading sync enabled: 0
2026-08-04 16:04:11.319: [INFO] OnDoneLoading sync enabled: 0
2026-08-05 17:01:14.957: [INFO] CurrentProfilePath: D:\Algo Trading Microservice Application\AlgoTrading springboot workspace\.metadata\.plugins\org.eclipse.swt\EBWebView\Default
2026-08-05 17:01:14.957: [INFO] Profiles total count: 1
2026-08-05 17:01:14.958: [INFO] Profile: name=Profile 1 path=D:\Algo Trading Microservice Application\AlgoTrading springboot workspace\.metadata\.plugins\org.eclipse.swt\EBWebView\Default lastActive=2026-07-05T19:13:49.937Z
2026-08-05 17:01:14.958: [INFO] LastUsedProfileDir: D:\Algo Trading Microservice Application\AlgoTrading springboot workspace\.metadata\.plugins\org.eclipse.swt\EBWebView\Default
2026-08-05 17:01:14.958: [INFO] MostRecentlyActiveProfile: name=Profile 1 path=D:\Algo Trading Microservice Application\AlgoTrading springboot workspace\.metadata\.plugins\org.eclipse.swt\EBWebView\Default lastActive=2026-07-05T19:13:49.937Z
2026-08-05 17:01:14.958: [INFO] OnDoneLoading sync enabled: 0
2026-08-05 17:01:14.958: [INFO] BookmarkModelLoaded, ids_reassigned: 0
2026-08-05 17:01:14.958: [INFO] BookmarksLoadDropped droppedNodes=0
2026-08-05 17:01:14.958: [INFO] BookmarksSnapshot Startup total=0 bar=0 other=0 mobile=0 showBar=0 showBarNTP=1
2026-08-05 19:54:51.318: [INFO] BookmarksSnapshot Shutdown total=0 bar=0 other=0 mobile=0 showBar=0 showBarNTP=1
2026-08-07 19:14:37.409: [INFO] CurrentProfilePath: D:\Algo Trading Microservice Application\AlgoTrading springboot workspace\.metadata\.plugins\org.eclipse.swt\EBWebView\Default
2026-08-07 19:14:37.409: [INFO] Profiles total count: 1
2026-08-07 19:14:37.409: [INFO] Profile: name=Profile 1 path=D:\Algo Trading Microservice Application\AlgoTrading springboot workspace\.metadata\.plugins\org.eclipse.swt\EBWebView\Default lastActive=2026-07-05T19:13:49.937Z
2026-08-07 19:14:37.409: [INFO] LastUsedProfileDir: D:\Algo Trading Microservice Application\AlgoTrading springboot workspace\.metadata\.plugins\org.eclipse.swt\EBWebView\Default
2026-08-07 19:14:37.409: [INFO] MostRecentlyActiveProfile: name=Profile 1 path=D:\Algo Trading Microservice Application\AlgoTrading springboot workspace\.metadata\.plugins\org.eclipse.swt\EBWebView\Default lastActive=2026-07-05T19:13:49.937Z
2026-08-07 19:14:37.409: [INFO] OnDoneLoading sync enabled: 0
2026-08-07 19:14:37.409: [INFO] BookmarkModelLoaded, ids_reassigned: 0
2026-08-07 19:14:37.409: [INFO] BookmarksLoadDropped droppedNodes=0
2026-08-07 19:14:37.409: [INFO] BookmarksSnapshot Startup total=0 bar=0 other=0 mobile=0 showBar=0 showBarNTP=1
2026-08-07 19:42:49.336: [INFO] BookmarksSnapshot Shutdown total=0 bar=0 other=0 mobile=0 showBar=0 showBarNTP=1
2026-08-08 06:12:01.291: [INFO] CurrentProfilePath: D:\Algo Trading Microservice Application\AlgoTrading springboot workspace\.metadata\.plugins\org.eclipse.swt\EBWebView\Default
2026-08-08 06:12:01.291: [INFO] Profiles total count: 1
2026-08-08 06:12:01.293: [INFO] Profile: name=Profile 1 path=D:\Algo Trading Microservice Application\AlgoTrading springboot workspace\.metadata\.plugins\org.eclipse.swt\EBWebView\Default lastActive=2026-07-05T19:13:49.937Z
2026-08-08 06:12:01.293: [INFO] LastUsedProfileDir: D:\Algo Trading Microservice Application\AlgoTrading springboot workspace\.metadata\.plugins\org.eclipse.swt\EBWebView\Default
2026-08-08 06:12:01.293: [INFO] MostRecentlyActiveProfile: name=Profile 1 path=D:\Algo Trading Microservice Application\AlgoTrading springboot workspace\.metadata\.plugins\org.eclipse.swt\EBWebView\Default lastActive=2026-07-05T19:13:49.937Z
2026-08-08 06:12:01.293: [INFO] OnDoneLoading sync enabled: 0
2026-08-08 06:12:01.293: [INFO] BookmarkModelLoaded, ids_reassigned: 0
2026-08-08 06:12:01.293: [INFO] BookmarksLoadDropped droppedNodes=0
2026-08-08 06:12:01.293: [INFO] BookmarksSnapshot Startup total=0 bar=0 other=0 mobile=0 showBar=0 showBarNTP=1
2026-08-08 19:19:27.421: [INFO] BookmarksSnapshot Shutdown total=0 bar=0 other=0 mobile=0 showBar=0 showBarNTP=1
2026-08-09 13:29:59.790: [INFO] CurrentProfilePath: D:\Algo Trading Microservice Application\AlgoTrading springboot workspace\.metadata\.plugins\org.eclipse.swt\EBWebView\Default
2026-08-09 13:29:59.790: [INFO] Profiles total count: 1
2026-08-09 13:29:59.792: [INFO] Profile: name=Profile 1 path=D:\Algo Trading Microservice Application\AlgoTrading springboot workspace\.metadata\.plugins\org.eclipse.swt\EBWebView\Default lastActive=2026-08-08T07:26:05.294Z
2026-08-09 13:29:59.792: [INFO] LastUsedProfileDir: D:\Algo Trading Microservice Application\AlgoTrading springboot workspace\.metadata\.plugins\org.eclipse.swt\EBWebView\Default
2026-08-09 13:29:59.792: [INFO] MostRecentlyActiveProfile: name=Profile 1 path=D:\Algo Trading Microservice Application\AlgoTrading springboot workspace\.metadata\.plugins\org.eclipse.swt\EBWebView\Default lastActive=2026-08-08T07:26:05.294Z
2026-08-09 13:29:59.792: [INFO] OnDoneLoading sync enabled: 0
2026-08-09 13:29:59.792: [INFO] BookmarkModelLoaded, ids_reassigned: 0
2026-08-09 13:29:59.792: [INFO] BookmarksLoadDropped droppedNodes=0
2026-08-09 13:29:59.792: [INFO] BookmarksSnapshot Startup total=0 bar=0 other=0 mobile=0 showBar=0 showBarNTP=1
2026-08-09 18:55:56.990: [INFO] BookmarksSnapshot Shutdown total=0 bar=0 other=0 mobile=0 showBar=0 showBarNTP=1
2026-08-10 18:13:32.575: [INFO] CurrentProfilePath: D:\Algo Trading Microservice Application\AlgoTrading springboot workspace\.metadata\.plugins\org.eclipse.swt\EBWebView\Default
2026-08-10 18:13:32.575: [INFO] Profiles total count: 1
2026-08-10 18:13:32.576: [INFO] Profile: name=Profile 1 path=D:\Algo Trading Microservice Application\AlgoTrading springboot workspace\.metadata\.plugins\org.eclipse.swt\EBWebView\Default lastActive=2026-08-08T07:26:05.294Z
2026-08-10 18:13:32.576: [INFO] LastUsedProfileDir: D:\Algo Trading Microservice Application\AlgoTrading springboot workspace\.metadata\.plugins\org.eclipse.swt\EBWebView\Default
2026-08-10 18:13:32.576: [INFO] MostRecentlyActiveProfile: name=Profile 1 path=D:\Algo Trading Microservice Application\AlgoTrading springboot workspace\.metadata\.plugins\org.eclipse.swt\EBWebView\Default lastActive=2026-08-08T07:26:05.294Z
2026-08-10 18:13:32.576: [INFO] OnDoneLoading sync enabled: 0
2026-08-10 18:13:32.576: [INFO] BookmarkModelLoaded, ids_reassigned: 0
2026-08-10 18:13:32.576: [INFO] BookmarksLoadDropped droppedNodes=0
2026-08-10 18:13:32.576: [INFO] BookmarksSnapshot Startup total=0 bar=0 other=0 mobile=0 showBar=0 showBarNTP=1
2026-08-10 18:13:40.013: [INFO] BookmarksSnapshot Shutdown total=0 bar=0 other=0 mobile=0 showBar=0 showBarNTP=1
2026-08-10 18:14:02.615: [INFO] CurrentProfilePath: D:\Algo Trading Microservice Application\AlgoTrading springboot workspace\.metadata\.plugins\org.eclipse.swt\EBWebView\Default
2026-08-10 18:14:02.615: [INFO] Profiles total count: 1
2026-08-10 18:14:02.615: [INFO] Profile: name=Profile 1 path=D:\Algo Trading Microservice Application\AlgoTrading springboot workspace\.metadata\.plugins\org.eclipse.swt\EBWebView\Default lastActive=2026-08-08T07:26:05.294Z
2026-08-10 18:14:02.615: [INFO] LastUsedProfileDir: D:\Algo Trading Microservice Application\AlgoTrading springboot workspace\.metadata\.plugins\org.eclipse.swt\EBWebView\Default
2026-08-10 18:14:02.615: [INFO] MostRecentlyActiveProfile: name=Profile 1 path=D:\Algo Trading Microservice Application\AlgoTrading springboot workspace\.metadata\.plugins\org.eclipse.swt\EBWebView\Default lastActive=2026-08-08T07:26:05.294Z
2026-08-10 18:14:02.615: [INFO] OnDoneLoading sync enabled: 0
2026-08-10 18:14:02.615: [INFO] BookmarkModelLoaded, ids_reassigned: 0
2026-08-10 18:14:02.616: [INFO] BookmarksLoadDropped droppedNodes=0
2026-08-10 18:14:02.616: [INFO] BookmarksSnapshot Startup total=0 bar=0 other=0 mobile=0 showBar=0 showBarNTP=1
2026-08-10 19:43:51.947: [INFO] BookmarksSnapshot Shutdown total=0 bar=0 other=0 mobile=0 showBar=0 showBarNTP=1
2026-08-12 18:25:21.047: [INFO] CurrentProfilePath: D:\Algo Trading Microservice Application\AlgoTrading springboot workspace\.metadata\.plugins\org.eclipse.swt\EBWebView\Default
2026-08-12 18:25:21.047: [INFO] Profiles total count: 1
2026-08-12 18:25:21.047: [INFO] Profile: name=Profile 1 path=D:\Algo Trading Microservice Application\AlgoTrading springboot workspace\.metadata\.plugins\org.eclipse.swt\EBWebView\Default lastActive=2026-08-08T07:26:05.294Z
2026-08-12 18:25:21.047: [INFO] LastUsedProfileDir: D:\Algo Trading Microservice Application\AlgoTrading springboot workspace\.metadata\.plugins\org.eclipse.swt\EBWebView\Default
2026-08-12 18:25:21.047: [INFO] MostRecentlyActiveProfile: name=Profile 1 path=D:\Algo Trading Microservice Application\AlgoTrading springboot workspace\.metadata\.plugins\org.eclipse.swt\EBWebView\Default lastActive=2026-08-08T07:26:05.294Z
2026-08-12 18:25:21.047: [INFO] OnDoneLoading sync enabled: 0
2026-08-12 18:25:21.047: [INFO] BookmarkModelLoaded, ids_reassigned: 0
2026-08-12 18:25:21.047: [INFO] BookmarksLoadDropped droppedNodes=0
2026-08-12 18:25:21.047: [INFO] BookmarksSnapshot Startup total=0 bar=0 other=0 mobile=0 showBar=0 showBarNTP=1
2026-08-12 19:19:35.632: [INFO] BookmarksSnapshot Shutdown total=0 bar=0 other=0 mobile=0 showBar=0 showBarNTP=1
2026-08-12 19:22:07.241: [INFO] CurrentProfilePath: D:\Algo Trading Microservice Application\AlgoTrading springboot workspace\.metadata\.plugins\org.eclipse.swt\EBWebView\Default
2026-08-12 19:22:07.241: [INFO] Profiles total count: 1
2026-08-12 19:22:07.242: [INFO] Profile: name=Profile 1 path=D:\Algo Trading Microservice Application\AlgoTrading springboot workspace\.metadata\.plugins\org.eclipse.swt\EBWebView\Default lastActive=2026-08-08T07:26:05.294Z
2026-08-12 19:22:07.242: [INFO] LastUsedProfileDir: D:\Algo Trading Microservice Application\AlgoTrading springboot workspace\.metadata\.plugins\org.eclipse.swt\EBWebView\Default
2026-08-12 19:22:07.242: [INFO] MostRecentlyActiveProfile: name=Profile 1 path=D:\Algo Trading Microservice Application\AlgoTrading springboot workspace\.metadata\.plugins\org.eclipse.swt\EBWebView\Default lastActive=2026-08-08T07:26:05.294Z
2026-08-12 19:22:07.242: [INFO] OnDoneLoading sync enabled: 0
2026-08-12 19:22:07.242: [INFO] BookmarkModelLoaded, ids_reassigned: 0
2026-08-12 19:22:07.242: [INFO] BookmarksLoadDropped droppedNodes=0
2026-08-12 19:22:07.242: [INFO] BookmarksSnapshot Startup total=0 bar=0 other=0 mobile=0 showBar=0 showBarNTP=1
2026-08-12 19:23:30.244: [INFO] CurrentProfilePath: D:\Algo Trading Microservice Application\AlgoTrading springboot workspace\.metadata\.plugins\org.eclipse.swt\EBWebView\Default
2026-08-12 19:23:30.244: [INFO] Profiles total count: 1
2026-08-12 19:23:30.245: [INFO] Profile: name=Profile 1 path=D:\Algo Trading Microservice Application\AlgoTrading springboot workspace\.metadata\.plugins\org.eclipse.swt\EBWebView\Default lastActive=2026-08-08T07:26:05.294Z
2026-08-12 19:23:30.245: [INFO] LastUsedProfileDir: D:\Algo Trading Microservice Application\AlgoTrading springboot workspace\.metadata\.plugins\org.eclipse.swt\EBWebView\Default
2026-08-12 19:23:30.245: [INFO] MostRecentlyActiveProfile: name=Profile 1 path=D:\Algo Trading Microservice Application\AlgoTrading springboot workspace\.metadata\.plugins\org.eclipse.swt\EBWebView\Default lastActive=2026-08-08T07:26:05.294Z
2026-08-12 19:23:30.245: [INFO] OnDoneLoading sync enabled: 0
2026-08-12 19:23:30.245: [INFO] BookmarkModelLoaded, ids_reassigned: 0
2026-08-12 19:23:30.245: [INFO] BookmarksLoadDropped droppedNodes=0
2026-08-12 19:23:30.245: [INFO] BookmarksSnapshot Startup total=0 bar=0 other=0 mobile=0 showBar=0 showBarNTP=1
2026-08-12 19:23:30.408: [INFO] BookmarksSnapshot Shutdown total=0 bar=0 other=0 mobile=0 showBar=0 showBarNTP=1
2026-08-12 19:24:03.621: [INFO] CurrentProfilePath: D:\Algo Trading Microservice Application\AlgoTrading springboot workspace\.metadata\.plugins\org.eclipse.swt\EBWebView\Default
2026-08-12 19:24:03.621: [INFO] Profiles total count: 1
2026-08-12 19:24:03.622: [INFO] Profile: name=Profile 1 path=D:\Algo Trading Microservice Application\AlgoTrading springboot workspace\.metadata\.plugins\org.eclipse.swt\EBWebView\Default lastActive=2026-08-08T07:26:05.294Z
2026-08-12 19:24:03.622: [INFO] LastUsedProfileDir: D:\Algo Trading Microservice Application\AlgoTrading springboot workspace\.metadata\.plugins\org.eclipse.swt\EBWebView\Default
2026-08-12 19:24:03.622: [INFO] MostRecentlyActiveProfile: name=Profile 1 path=D:\Algo Trading Microservice Application\AlgoTrading springboot workspace\.metadata\.plugins\org.eclipse.swt\EBWebView\Default lastActive=2026-08-08T07:26:05.294Z
2026-08-12 19:24:03.622: [INFO] OnDoneLoading sync enabled: 0
2026-08-12 19:24:03.622: [INFO] BookmarkModelLoaded, ids_reassigned: 0
2026-08-12 19:24:03.622: [INFO] BookmarksLoadDropped droppedNodes=0
2026-08-12 19:24:03.622: [INFO] BookmarksSnapshot Startup total=0 bar=0 other=0 mobile=0 showBar=0 showBarNTP=1
2026-08-12 19:24:08.973: [INFO] BookmarksSnapshot Shutdown total=0 bar=0 other=0 mobile=0 showBar=0 showBarNTP=1
2026-08-16 17:21:43.735: [INFO] CurrentProfilePath: D:\Algo Trading Microservice Application\AlgoTrading springboot workspace\.metadata\.plugins\org.eclipse.swt\EBWebView\Default
2026-08-16 17:21:43.735: [INFO] Profiles total count: 1
2026-08-16 17:21:43.735: [INFO] Profile: name=Profile 1 path=D:\Algo Trading Microservice Application\AlgoTrading springboot workspace\.metadata\.plugins\org.eclipse.swt\EBWebView\Default lastActive=2026-08-08T07:26:05.294Z
2026-08-16 17:21:43.735: [INFO] LastUsedProfileDir: D:\Algo Trading Microservice Application\AlgoTrading springboot workspace\.metadata\.plugins\org.eclipse.swt\EBWebView\Default
2026-08-16 17:21:43.735: [INFO] MostRecentlyActiveProfile: name=Profile 1 path=D:\Algo Trading Microservice Application\AlgoTrading springboot workspace\.metadata\.plugins\org.eclipse.swt\EBWebView\Default lastActive=2026-08-08T07:26:05.294Z
2026-08-16 17:21:43.735: [INFO] OnDoneLoading sync enabled: 0
2026-08-16 17:21:43.735: [INFO] BookmarkModelLoaded, ids_reassigned: 0
2026-08-16 17:21:43.735: [INFO] BookmarksLoadDropped droppedNodes=0
2026-08-16 17:21:43.735: [INFO] BookmarksSnapshot Startup total=0 bar=0 other=0 mobile=0 showBar=0 showBarNTP=1
2026-08-16 17:27:09.671: [INFO] BookmarksSnapshot Shutdown total=0 bar=0 other=0 mobile=0 showBar=0 showBarNTP=1
2026-08-16 17:46:38.474: [INFO] CurrentProfilePath: D:\Algo Trading Microservice Application\AlgoTrading springboot workspace\.metadata\.plugins\org.eclipse.swt\EBWebView\Default
2026-08-16 17:46:38.474: [INFO] Profiles total count: 1
2026-08-16 17:46:38.474: [INFO] Profile: name=Profile 1 path=D:\Algo Trading Microservice Application\AlgoTrading springboot workspace\.metadata\.plugins\org.eclipse.swt\EBWebView\Default lastActive=2026-08-08T07:26:05.294Z
2026-08-16 17:46:38.474: [INFO] LastUsedProfileDir: D:\Algo Trading Microservice Application\AlgoTrading springboot workspace\.metadata\.plugins\org.eclipse.swt\EBWebView\Default
2026-08-16 17:46:38.474: [INFO] MostRecentlyActiveProfile: name=Profile 1 path=D:\Algo Trading Microservice Application\AlgoTrading springboot workspace\.metadata\.plugins\org.eclipse.swt\EBWebView\Default lastActive=2026-08-08T07:26:05.294Z
2026-08-16 17:46:38.474: [INFO] OnDoneLoading sync enabled: 0
2026-08-16 17:46:38.474: [INFO] BookmarkModelLoaded, ids_reassigned: 0
2026-08-16 17:46:38.474: [INFO] BookmarksLoadDropped droppedNodes=0
2026-08-16 17:46:38.474: [INFO] BookmarksSnapshot Startup total=0 bar=0 other=0 mobile=0 showBar=0 showBarNTP=1
2026-08-16 18:42:44.088: [INFO] BookmarksSnapshot Shutdown total=0 bar=0 other=0 mobile=0 showBar=0 showBarNTP=1
2026-08-18 04:35:02.172: [INFO] CurrentProfilePath: D:\Algo Trading Microservice Application\AlgoTrading springboot workspace\.metadata\.plugins\org.eclipse.swt\EBWebView\Default
2026-08-18 04:35:02.172: [INFO] Profiles total count: 1
2026-08-18 04:35:02.173: [INFO] Profile: name=Profile 1 path=D:\Algo Trading Microservice Application\AlgoTrading springboot workspace\.metadata\.plugins\org.eclipse.swt\EBWebView\Default lastActive=2026-08-08T07:26:05.294Z
2026-08-18 04:35:02.173: [INFO] LastUsedProfileDir: D:\Algo Trading Microservice Application\AlgoTrading springboot workspace\.metadata\.plugins\org.eclipse.swt\EBWebView\Default
2026-08-18 04:35:02.174: [INFO] MostRecentlyActiveProfile: name=Profile 1 path=D:\Algo Trading Microservice Application\AlgoTrading springboot workspace\.metadata\.plugins\org.eclipse.swt\EBWebView\Default lastActive=2026-08-08T07:26:05.294Z
2026-08-18 04:35:02.174: [INFO] OnDoneLoading sync enabled: 0
2026-08-18 04:35:02.174: [INFO] BookmarkModelLoaded, ids_reassigned: 0
2026-08-18 04:35:02.174: [INFO] BookmarksLoadDropped droppedNodes=0
2026-08-18 04:35:02.174: [INFO] BookmarksSnapshot Startup total=0 bar=0 other=0 mobile=0 showBar=0 showBarNTP=1
2026-08-18 05:02:08.062: [INFO] BookmarksSnapshot Shutdown total=0 bar=0 other=0 mobile=0 showBar=0 showBarNTP=1
2026-08-19 11:45:44.147: [INFO] CurrentProfilePath: D:\Algo Trading Microservice Application\AlgoTrading springboot workspace\.metadata\.plugins\org.eclipse.swt\EBWebView\Default
2026-08-19 11:45:44.147: [INFO] Profiles total count: 1
2026-08-19 11:45:44.158: [INFO] Profile: name=Profile 1 path=D:\Algo Trading Microservice Application\AlgoTrading springboot workspace\.metadata\.plugins\org.eclipse.swt\EBWebView\Default lastActive=2026-08-08T07:26:05.294Z
2026-08-19 11:45:44.158: [INFO] LastUsedProfileDir: D:\Algo Trading Microservice Application\AlgoTrading springboot workspace\.metadata\.plugins\org.eclipse.swt\EBWebView\Default
2026-08-19 11:45:44.158: [INFO] MostRecentlyActiveProfile: name=Profile 1 path=D:\Algo Trading Microservice Application\AlgoTrading springboot workspace\.metadata\.plugins\org.eclipse.swt\EBWebView\Default lastActive=2026-08-08T07:26:05.294Z
2026-08-19 11:45:44.158: [INFO] OnDoneLoading sync enabled: 0
2026-08-19 11:45:44.158: [INFO] BookmarkModelLoaded, ids_reassigned: 0
2026-08-19 11:45:44.158: [INFO] BookmarksLoadDropped droppedNodes=0
2026-08-19 11:45:44.158: [INFO] BookmarksSnapshot Startup total=0 bar=0 other=0 mobile=0 showBar=0 showBarNTP=1
2026-08-19 12:10:30.645: [INFO] BookmarksSnapshot Shutdown total=0 bar=0 other=0 mobile=0 showBar=0 showBarNTP=1
2026-08-19 12:12:19.426: [INFO] CurrentProfilePath: D:\Algo Trading Microservice Application\AlgoTrading springboot workspace\.metadata\.plugins\org.eclipse.swt\EBWebView\Default
2026-08-19 12:12:19.426: [INFO] Profiles total count: 1
2026-08-19 12:12:19.428: [INFO] Profile: name=Profile 1 path=D:\Algo Trading Microservice Application\AlgoTrading springboot workspace\.metadata\.plugins\org.eclipse.swt\EBWebView\Default lastActive=2026-08-08T07:26:05.294Z
2026-08-19 12:12:19.428: [INFO] LastUsedProfileDir: D:\Algo Trading Microservice Application\AlgoTrading springboot workspace\.metadata\.plugins\org.eclipse.swt\EBWebView\Default
2026-08-19 12:12:19.428: [INFO] MostRecentlyActiveProfile: name=Profile 1 path=D:\Algo Trading Microservice Application\AlgoTrading springboot workspace\.metadata\.plugins\org.eclipse.swt\EBWebView\Default lastActive=2026-08-08T07:26:05.294Z
2026-08-19 12:12:19.428: [INFO] OnDoneLoading sync enabled: 0
2026-08-19 12:12:19.428: [INFO] BookmarkModelLoaded, ids_reassigned: 0
2026-08-19 12:12:19.428: [INFO] BookmarksLoadDropped droppedNodes=0
2026-08-19 12:12:19.428: [INFO] BookmarksSnapshot Startup total=0 bar=0 other=0 mobile=0 showBar=0 showBarNTP=1
2026-08-19 12:18:11.253: [INFO] BookmarksSnapshot Shutdown total=0 bar=0 other=0 mobile=0 showBar=0 showBarNTP=1
2026-08-19 12:18:19.476: [INFO] CurrentProfilePath: D:\Algo Trading Microservice Application\AlgoTrading springboot workspace\.metadata\.plugins\org.eclipse.swt\EBWebView\Default
2026-08-19 12:18:19.476: [INFO] Profiles total count: 1
2026-08-19 12:18:19.477: [INFO] Profile: name=Profile 1 path=D:\Algo Trading Microservice Application\AlgoTrading springboot workspace\.metadata\.plugins\org.eclipse.swt\EBWebView\Default lastActive=2026-08-08T07:26:05.294Z
2026-08-19 12:18:19.477: [INFO] LastUsedProfileDir: D:\Algo Trading Microservice Application\AlgoTrading springboot workspace\.metadata\.plugins\org.eclipse.swt\EBWebView\Default
2026-08-19 12:18:19.477: [INFO] MostRecentlyActiveProfile: name=Profile 1 path=D:\Algo Trading Microservice Application\AlgoTrading springboot workspace\.metadata\.plugins\org.eclipse.swt\EBWebView\Default lastActive=2026-08-08T07:26:05.294Z
2026-08-19 12:18:19.477: [INFO] OnDoneLoading sync enabled: 0
2026-08-19 12:18:19.477: [INFO] BookmarkModelLoaded, ids_reassigned: 0
2026-08-19 12:18:19.477: [INFO] BookmarksLoadDropped droppedNodes=0
2026-08-19 12:18:19.477: [INFO] BookmarksSnapshot Startup total=0 bar=0 other=0 mobile=0 showBar=0 showBarNTP=1
2026-08-19 12:19:28.326: [INFO] BookmarksSnapshot Shutdown total=0 bar=0 other=0 mobile=0 showBar=0 showBarNTP=1
2026-08-19 12:19:37.182: [INFO] CurrentProfilePath: D:\Algo Trading Microservice Application\AlgoTrading springboot workspace\.metadata\.plugins\org.eclipse.swt\EBWebView\Default
2026-08-19 12:19:37.182: [INFO] Profiles total count: 1
2026-08-19 12:19:37.184: [INFO] Profile: name=Profile 1 path=D:\Algo Trading Microservice Application\AlgoTrading springboot workspace\.metadata\.plugins\org.eclipse.swt\EBWebView\Default lastActive=2026-08-08T07:26:05.294Z
2026-08-19 12:19:37.184: [INFO] LastUsedProfileDir: D:\Algo Trading Microservice Application\AlgoTrading springboot workspace\.metadata\.plugins\org.eclipse.swt\EBWebView\Default
2026-08-19 12:19:37.184: [INFO] MostRecentlyActiveProfile: name=Profile 1 path=D:\Algo Trading Microservice Application\AlgoTrading springboot workspace\.metadata\.plugins\org.eclipse.swt\EBWebView\Default lastActive=2026-08-08T07:26:05.294Z
2026-08-19 12:19:37.184: [INFO] OnDoneLoading sync enabled: 0
2026-08-19 12:19:37.184: [INFO] BookmarkModelLoaded, ids_reassigned: 0
2026-08-19 12:19:37.184: [INFO] BookmarksLoadDropped droppedNodes=0
2026-08-19 12:19:37.184: [INFO] BookmarksSnapshot Startup total=0 bar=0 other=0 mobile=0 showBar=0 showBarNTP=1
2026-08-19 19:31:55.243: [INFO] BookmarksSnapshot Shutdown total=0 bar=0 other=0 mobile=0 showBar=0 showBarNTP=1
2026-08-21 04:16:13.783: [INFO] CurrentProfilePath: D:\Algo Trading Microservice Application\AlgoTrading springboot workspace\.metadata\.plugins\org.eclipse.swt\EBWebView\Default
2026-08-21 04:16:13.784: [INFO] Profiles total count: 1
2026-08-21 04:16:13.784: [INFO] Profile: name=Profile 1 path=D:\Algo Trading Microservice Application\AlgoTrading springboot workspace\.metadata\.plugins\org.eclipse.swt\EBWebView\Default lastActive=2026-08-08T07:26:05.294Z
2026-08-21 04:16:13.784: [INFO] LastUsedProfileDir: D:\Algo Trading Microservice Application\AlgoTrading springboot workspace\.metadata\.plugins\org.eclipse.swt\EBWebView\Default
2026-08-21 04:16:13.784: [INFO] MostRecentlyActiveProfile: name=Profile 1 path=D:\Algo Trading Microservice Application\AlgoTrading springboot workspace\.metadata\.plugins\org.eclipse.swt\EBWebView\Default lastActive=2026-08-08T07:26:05.294Z
2026-08-21 04:16:13.784: [INFO] OnDoneLoading sync enabled: 0
2026-08-21 04:16:13.784: [INFO] BookmarkModelLoaded, ids_reassigned: 0
2026-08-21 04:16:13.784: [INFO] BookmarksLoadDropped droppedNodes=0
2026-08-21 04:16:13.784: [INFO] BookmarksSnapshot Startup total=0 bar=0 other=0 mobile=0 showBar=0 showBarNTP=1
2026-08-21 04:32:51.238: [INFO] BookmarksSnapshot Shutdown total=0 bar=0 other=0 mobile=0 showBar=0 showBarNTP=1
2026-08-22 07:48:32.781: [INFO] CurrentProfilePath: D:\Algo Trading Microservice Application\AlgoTrading springboot workspace\.metadata\.plugins\org.eclipse.swt\EBWebView\Default
2026-08-22 07:48:32.781: [INFO] Profiles total count: 1
2026-08-22 07:48:32.783: [INFO] Profile: name=Profile 1 path=D:\Algo Trading Microservice Application\AlgoTrading springboot workspace\.metadata\.plugins\org.eclipse.swt\EBWebView\Default lastActive=2026-08-08T07:26:05.294Z
2026-08-22 07:48:32.783: [INFO] LastUsedProfileDir: D:\Algo Trading Microservice Application\AlgoTrading springboot workspace\.metadata\.plugins\org.eclipse.swt\EBWebView\Default
2026-08-22 07:48:32.783: [INFO] MostRecentlyActiveProfile: name=Profile 1 path=D:\Algo Trading Microservice Application\AlgoTrading springboot workspace\.metadata\.plugins\org.eclipse.swt\EBWebView\Default lastActive=2026-08-08T07:26:05.294Z
2026-08-22 07:48:32.783: [INFO] OnDoneLoading sync enabled: 0
2026-08-22 07:48:32.783: [INFO] BookmarkModelLoaded, ids_reassigned: 0
2026-08-22 07:48:32.783: [INFO] BookmarksLoadDropped droppedNodes=0
2026-08-22 07:48:32.783: [INFO] BookmarksSnapshot Startup total=0 bar=0 other=0 mobile=0 showBar=0 showBarNTP=1
2026-08-22 22:31:43.695: [INFO] BookmarksSnapshot Shutdown total=0 bar=0 other=0 mobile=0 showBar=0 showBarNTP=1
2026-08-23 05:13:16.050: [INFO] CurrentProfilePath: D:\Algo Trading Microservice Application\AlgoTrading springboot workspace\.metadata\.plugins\org.eclipse.swt\EBWebView\Default
2026-08-23 05:13:16.050: [INFO] Profiles total count: 1
2026-08-23 05:13:16.051: [INFO] Profile: name=Profile 1 path=D:\Algo Trading Microservice Application\AlgoTrading springboot workspace\.metadata\.plugins\org.eclipse.swt\EBWebView\Default lastActive=2026-08-08T07:26:05.294Z
2026-08-23 05:13:16.051: [INFO] LastUsedProfileDir: D:\Algo Trading Microservice Application\AlgoTrading springboot workspace\.metadata\.plugins\org.eclipse.swt\EBWebView\Default
2026-08-23 05:13:16.051: [INFO] MostRecentlyActiveProfile: name=Profile 1 path=D:\Algo Trading Microservice Application\AlgoTrading springboot workspace\.metadata\.plugins\org.eclipse.swt\EBWebView\Default lastActive=2026-08-08T07:26:05.294Z
2026-08-23 05:13:16.051: [INFO] OnDoneLoading sync enabled: 0
2026-08-23 05:13:16.051: [INFO] BookmarkModelLoaded, ids_reassigned: 0
2026-08-23 05:13:16.051: [INFO] BookmarksLoadDropped droppedNodes=0
2026-08-23 05:13:16.051: [INFO] BookmarksSnapshot Startup total=0 bar=0 other=0 mobile=0 showBar=0 showBarNTP=1
2026-08-23 06:14:41.369: [INFO] BookmarksSnapshot Shutdown total=0 bar=0 other=0 mobile=0 showBar=0 showBarNTP=1
2026-08-23 11:15:28.732: [INFO] CurrentProfilePath: D:\Algo Trading Microservice Application\AlgoTrading springboot workspace\.metadata\.plugins\org.eclipse.swt\EBWebView\Default
2026-08-23 11:15:28.732: [INFO] Profiles total count: 1
2026-08-23 11:15:28.732: [INFO] Profile: name=Profile 1 path=D:\Algo Trading Microservice Application\AlgoTrading springboot workspace\.metadata\.plugins\org.eclipse.swt\EBWebView\Default lastActive=2026-08-08T07:26:05.294Z
2026-08-23 11:15:28.732: [INFO] LastUsedProfileDir: D:\Algo Trading Microservice Application\AlgoTrading springboot workspace\.metadata\.plugins\org.eclipse.swt\EBWebView\Default
2026-08-23 11:15:28.732: [INFO] MostRecentlyActiveProfile: name=Profile 1 path=D:\Algo Trading Microservice Application\AlgoTrading springboot workspace\.metadata\.plugins\org.eclipse.swt\EBWebView\Default lastActive=2026-08-08T07:26:05.294Z
2026-08-23 11:15:28.732: [INFO] OnDoneLoading sync enabled: 0
2026-08-23 11:15:28.732: [INFO] BookmarkModelLoaded, ids_reassigned: 0
2026-08-23 11:15:28.732: [INFO] BookmarksLoadDropped droppedNodes=0
2026-08-23 11:15:28.732: [INFO] BookmarksSnapshot Startup total=0 bar=0 other=0 mobile=0 showBar=0 showBarNTP=1
2026-08-23 12:31:06.956: [INFO] BookmarksSnapshot Shutdown total=0 bar=0 other=0 mobile=0 showBar=0 showBarNTP=1
2026-08-23 15:11:28.681: [INFO] CurrentProfilePath: D:\Algo Trading Microservice Application\AlgoTrading springboot workspace\.metadata\.plugins\org.eclipse.swt\EBWebView\Default
2026-08-23 15:11:28.681: [INFO] Profiles total count: 1
2026-08-23 15:11:28.690: [INFO] Profile: name=Profile 1 path=D:\Algo Trading Microservice Application\AlgoTrading springboot workspace\.metadata\.plugins\org.eclipse.swt\EBWebView\Default lastActive=2026-08-08T07:26:05.294Z
2026-08-23 15:11:28.690: [INFO] LastUsedProfileDir: D:\Algo Trading Microservice Application\AlgoTrading springboot workspace\.metadata\.plugins\org.eclipse.swt\EBWebView\Default
2026-08-23 15:11:28.691: [INFO] MostRecentlyActiveProfile: name=Profile 1 path=D:\Algo Trading Microservice Application\AlgoTrading springboot workspace\.metadata\.plugins\org.eclipse.swt\EBWebView\Default lastActive=2026-08-08T07:26:05.294Z
2026-08-23 15:11:28.691: [INFO] OnDoneLoading sync enabled: 0
2026-08-23 15:11:28.691: [INFO] BookmarkModelLoaded, ids_reassigned: 0
2026-08-23 15:11:28.691: [INFO] BookmarksLoadDropped droppedNodes=0
2026-08-23 15:11:28.691: [INFO] BookmarksSnapshot Startup total=0 bar=0 other=0 mobile=0 showBar=0 showBarNTP=1
2026-08-23 20:04:02.819: [INFO] BookmarksSnapshot Shutdown total=0 bar=0 other=0 mobile=0 showBar=0 showBarNTP=1
2026-08-24 18:02:45.642: [INFO] CurrentProfilePath: D:\Algo Trading Microservice Application\AlgoTrading springboot workspace\.metadata\.plugins\org.eclipse.swt\EBWebView\Default
2026-08-24 18:02:45.642: [INFO] Profiles total count: 1
2026-08-24 18:02:45.643: [INFO] Profile: name=Profile 1 path=D:\Algo Trading Microservice Application\AlgoTrading springboot workspace\.metadata\.plugins\org.eclipse.swt\EBWebView\Default lastActive=2026-08-08T07:26:05.294Z
2026-08-24 18:02:45.643: [INFO] LastUsedProfileDir: D:\Algo Trading Microservice Application\AlgoTrading springboot workspace\.metadata\.plugins\org.eclipse.swt\EBWebView\Default
2026-08-24 18:02:45.643: [INFO] MostRecentlyActiveProfile: name=Profile 1 path=D:\Algo Trading Microservice Application\AlgoTrading springboot workspace\.metadata\.plugins\org.eclipse.swt\EBWebView\Default lastActive=2026-08-08T07:26:05.294Z
2026-08-24 18:02:45.643: [INFO] OnDoneLoading sync enabled: 0
2026-08-24 18:02:45.643: [INFO] BookmarkModelLoaded, ids_reassigned: 0
2026-08-24 18:02:45.643: [INFO] BookmarksLoadDropped droppedNodes=0
2026-08-24 18:02:45.643: [INFO] BookmarksSnapshot Startup total=0 bar=0 other=0 mobile=0 showBar=0 showBarNTP=1
2026-08-24 18:02:53.763: [INFO] BookmarksSnapshot Shutdown total=0 bar=0 other=0 mobile=0 showBar=0 showBarNTP=1
2026-08-24 18:04:58.089: [INFO] CurrentProfilePath: D:\Algo Trading Microservice Application\AlgoTrading springboot workspace\.metadata\.plugins\org.eclipse.swt\EBWebView\Default
2026-08-24 18:04:58.089: [INFO] Profiles total count: 1
2026-08-24 18:04:58.090: [INFO] Profile: name=Profile 1 path=D:\Algo Trading Microservice Application\AlgoTrading springboot workspace\.metadata\.plugins\org.eclipse.swt\EBWebView\Default lastActive=2026-08-08T07:26:05.294Z
2026-08-24 18:04:58.090: [INFO] LastUsedProfileDir: D:\Algo Trading Microservice Application\AlgoTrading springboot workspace\.metadata\.plugins\org.eclipse.swt\EBWebView\Default
2026-08-24 18:04:58.090: [INFO] MostRecentlyActiveProfile: name=Profile 1 path=D:\Algo Trading Microservice Application\AlgoTrading springboot workspace\.metadata\.plugins\org.eclipse.swt\EBWebView\Default lastActive=2026-08-08T07:26:05.294Z
2026-08-24 18:04:58.090: [INFO] OnDoneLoading sync enabled: 0
2026-08-24 18:04:58.090: [INFO] BookmarkModelLoaded, ids_reassigned: 0
2026-08-24 18:04:58.090: [INFO] BookmarksLoadDropped droppedNodes=0
2026-08-24 18:04:58.090: [INFO] BookmarksSnapshot Startup total=0 bar=0 other=0 mobile=0 showBar=0 showBarNTP=1
2026-08-24 20:02:46.690: [INFO] BookmarksSnapshot Shutdown total=0 bar=0 other=0 mobile=0 showBar=0 showBarNTP=1
2026-08-25 17:59:37.967: [INFO] CurrentProfilePath: D:\Algo Trading Microservice Application\AlgoTrading springboot workspace\.metadata\.plugins\org.eclipse.swt\EBWebView\Default
2026-08-25 17:59:37.967: [INFO] Profiles total count: 1
2026-08-25 17:59:37.968: [INFO] Profile: name=Profile 1 path=D:\Algo Trading Microservice Application\AlgoTrading springboot workspace\.metadata\.plugins\org.eclipse.swt\EBWebView\Default lastActive=2026-08-08T07:26:05.294Z
2026-08-25 17:59:37.968: [INFO] LastUsedProfileDir: D:\Algo Trading Microservice Application\AlgoTrading springboot workspace\.metadata\.plugins\org.eclipse.swt\EBWebView\Default
2026-08-25 17:59:37.968: [INFO] MostRecentlyActiveProfile: name=Profile 1 path=D:\Algo Trading Microservice Application\AlgoTrading springboot workspace\.metadata\.plugins\org.eclipse.swt\EBWebView\Default lastActive=2026-08-08T07:26:05.294Z
2026-08-25 17:59:37.968: [INFO] OnDoneLoading sync enabled: 0
2026-08-25 17:59:37.968: [INFO] BookmarkModelLoaded, ids_reassigned: 0
2026-08-25 17:59:37.968: [INFO] BookmarksLoadDropped droppedNodes=0
2026-08-25 17:59:37.968: [INFO] BookmarksSnapshot Startup total=0 bar=0 other=0 mobile=0 showBar=0 showBarNTP=1
2026-08-25 20:09:10.488: [INFO] BookmarksSnapshot Shutdown total=0 bar=0 other=0 mobile=0 showBar=0 showBarNTP=1
2026-08-27 18:03:37.757: [INFO] CurrentProfilePath: D:\Algo Trading Microservice Application\AlgoTrading springboot workspace\.metadata\.plugins\org.eclipse.swt\EBWebView\Default
2026-08-27 18:03:37.757: [INFO] Profiles total count: 1
2026-08-27 18:03:37.759: [INFO] Profile: name=Profile 1 path=D:\Algo Trading Microservice Application\AlgoTrading springboot workspace\.metadata\.plugins\org.eclipse.swt\EBWebView\Default lastActive=2026-08-08T07:26:05.294Z
2026-08-27 18:03:37.759: [INFO] LastUsedProfileDir: D:\Algo Trading Microservice Application\AlgoTrading springboot workspace\.metadata\.plugins\org.eclipse.swt\EBWebView\Default
2026-08-27 18:03:37.759: [INFO] MostRecentlyActiveProfile: name=Profile 1 path=D:\Algo Trading Microservice Application\AlgoTrading springboot workspace\.metadata\.plugins\org.eclipse.swt\EBWebView\Default lastActive=2026-08-08T07:26:05.294Z
2026-08-27 18:03:37.759: [INFO] OnDoneLoading sync enabled: 0
2026-08-27 18:03:37.759: [INFO] BookmarkModelLoaded, ids_reassigned: 0
2026-08-27 18:03:37.759: [INFO] BookmarksLoadDropped droppedNodes=0
2026-08-27 18:03:37.759: [INFO] BookmarksSnapshot Startup total=0 bar=0 other=0 mobile=0 showBar=0 showBarNTP=1
2026-08-27 19:51:35.257: [INFO] BookmarksSnapshot Shutdown total=0 bar=0 other=0 mobile=0 showBar=0 showBarNTP=1
2026-09-04 03:39:51.746: [INFO] CurrentProfilePath: D:\Algo Trading Microservice Application\AlgoTrading springboot workspace\.metadata\.plugins\org.eclipse.swt\EBWebView\Default
2026-09-04 03:39:51.746: [INFO] Profiles total count: 1
2026-09-04 03:39:51.746: [INFO] Profile: name=Profile 1 path=D:\Algo Trading Microservice Application\AlgoTrading springboot workspace\.metadata\.plugins\org.eclipse.swt\EBWebView\Default lastActive=2026-08-08T07:26:05.294Z
2026-09-04 03:39:51.746: [INFO] LastUsedProfileDir: D:\Algo Trading Microservice Application\AlgoTrading springboot workspace\.metadata\.plugins\org.eclipse.swt\EBWebView\Default
2026-09-04 03:39:51.746: [INFO] MostRecentlyActiveProfile: name=Profile 1 path=D:\Algo Trading Microservice Application\AlgoTrading springboot workspace\.metadata\.plugins\org.eclipse.swt\EBWebView\Default lastActive=2026-08-08T07:26:05.294Z
2026-09-04 03:39:51.746: [INFO] OnDoneLoading sync enabled: 0
2026-09-04 03:39:51.746: [INFO] BookmarkModelLoaded, ids_reassigned: 0
2026-09-04 03:39:51.746: [INFO] BookmarksLoadDropped droppedNodes=0
2026-09-04 03:39:51.746: [INFO] BookmarksSnapshot Startup total=0 bar=0 other=0 mobile=0 showBar=0 showBarNTP=1
2026-09-04 03:42:13.182: [INFO] BookmarksSnapshot Shutdown total=0 bar=0 other=0 mobile=0 showBar=0 showBarNTP=1
2026-09-04 03:42:13.295: [INFO] CurrentProfilePath: D:\Algo Trading Microservice Application\AlgoTrading springboot workspace\.metadata\.plugins\org.eclipse.swt\EBWebView\Default
2026-09-04 03:42:13.295: [INFO] Profiles total count: 1
2026-09-04 03:42:13.295: [INFO] Profile: name=Profile 1 path=D:\Algo Trading Microservice Application\AlgoTrading springboot workspace\.metadata\.plugins\org.eclipse.swt\EBWebView\Default lastActive=2026-08-08T07:26:05.294Z
2026-09-04 03:42:13.295: [INFO] LastUsedProfileDir: D:\Algo Trading Microservice Application\AlgoTrading springboot workspace\.metadata\.plugins\org.eclipse.swt\EBWebView\Default
2026-09-04 03:42:13.295: [INFO] MostRecentlyActiveProfile: name=Profile 1 path=D:\Algo Trading Microservice Application\AlgoTrading springboot workspace\.metadata\.plugins\org.eclipse.swt\EBWebView\Default lastActive=2026-08-08T07:26:05.294Z
2026-09-04 03:42:13.295: [INFO] OnDoneLoading sync enabled: 0
2026-09-04 03:42:13.295: [INFO] BookmarkModelLoaded, ids_reassigned: 0
2026-09-04 03:42:13.295: [INFO] BookmarksLoadDropped droppedNodes=0
2026-09-04 03:42:13.295: [INFO] BookmarksSnapshot Startup total=0 bar=0 other=0 mobile=0 showBar=0 showBarNTP=1
2026-09-04 04:29:58.873: [INFO] BookmarksSnapshot Shutdown total=0 bar=0 other=0 mobile=0 showBar=0 showBarNTP=1
2026-09-04 18:01:00.070: [INFO] CurrentProfilePath: D:\Algo Trading Microservice Application\AlgoTrading springboot workspace\.metadata\.plugins\org.eclipse.swt\EBWebView\Default
2026-09-04 18:01:00.070: [INFO] Profiles total count: 1
2026-09-04 18:01:00.071: [INFO] Profile: name=Profile 1 path=D:\Algo Trading Microservice Application\AlgoTrading springboot workspace\.metadata\.plugins\org.eclipse.swt\EBWebView\Default lastActive=2026-08-08T07:26:05.294Z
2026-09-04 18:01:00.071: [INFO] LastUsedProfileDir: D:\Algo Trading Microservice Application\AlgoTrading springboot workspace\.metadata\.plugins\org.eclipse.swt\EBWebView\Default
2026-09-04 18:01:00.071: [INFO] MostRecentlyActiveProfile: name=Profile 1 path=D:\Algo Trading Microservice Application\AlgoTrading springboot workspace\.metadata\.plugins\org.eclipse.swt\EBWebView\Default lastActive=2026-08-08T07:26:05.294Z
2026-09-04 18:01:00.071: [INFO] OnDoneLoading sync enabled: 0
2026-09-04 18:01:00.071: [INFO] BookmarkModelLoaded, ids_reassigned: 0
2026-09-04 18:01:00.071: [INFO] BookmarksLoadDropped droppedNodes=0
2026-09-04 18:01:00.071: [INFO] BookmarksSnapshot Startup total=0 bar=0 other=0 mobile=0 showBar=0 showBarNTP=1
2026-09-04 18:01:04.935: [INFO] BookmarksSnapshot Shutdown total=0 bar=0 other=0 mobile=0 showBar=0 showBarNTP=1
2026-09-04 19:55:33.353: [INFO] CurrentProfilePath: D:\Algo Trading Microservice Application\AlgoTrading springboot workspace\.metadata\.plugins\org.eclipse.swt\EBWebView\Default
2026-09-04 19:55:33.353: [INFO] Profiles total count: 1
2026-09-04 19:55:33.353: [INFO] Profile: name=Profile 1 path=D:\Algo Trading Microservice Application\AlgoTrading springboot workspace\.metadata\.plugins\org.eclipse.swt\EBWebView\Default lastActive=2026-08-08T07:26:05.294Z
2026-09-04 19:55:33.353: [INFO] LastUsedProfileDir: D:\Algo Trading Microservice Application\AlgoTrading springboot workspace\.metadata\.plugins\org.eclipse.swt\EBWebView\Default
2026-09-04 19:55:33.353: [INFO] MostRecentlyActiveProfile: name=Profile 1 path=D:\Algo Trading Microservice Application\AlgoTrading springboot workspace\.metadata\.plugins\org.eclipse.swt\EBWebView\Default lastActive=2026-08-08T07:26:05.294Z
2026-09-04 19:55:33.353: [INFO] OnDoneLoading sync enabled: 0
2026-09-04 19:55:33.353: [INFO] BookmarkModelLoaded, ids_reassigned: 0
2026-09-04 19:55:33.353: [INFO] BookmarksLoadDropped droppedNodes=0
2026-09-04 19:55:33.353: [INFO] BookmarksSnapshot Startup total=0 bar=0 other=0 mobile=0 showBar=0 showBarNTP=1
2026-09-04 20:08:46.277: [INFO] BookmarksSnapshot Shutdown total=0 bar=0 other=0 mobile=0 showBar=0 showBarNTP=1
2026-09-06 12:59:51.057: [INFO] CurrentProfilePath: D:\Algo Trading Microservice Application\AlgoTrading springboot workspace\.metadata\.plugins\org.eclipse.swt\EBWebView\Default
2026-09-06 12:59:51.057: [INFO] Profiles total count: 1
2026-09-06 12:59:51.057: [INFO] Profile: name=Profile 1 path=D:\Algo Trading Microservice Application\AlgoTrading springboot workspace\.metadata\.plugins\org.eclipse.swt\EBWebView\Default lastActive=2026-08-08T07:26:05.294Z
2026-09-06 12:59:51.057: [INFO] LastUsedProfileDir: D:\Algo Trading Microservice Application\AlgoTrading springboot workspace\.metadata\.plugins\org.eclipse.swt\EBWebView\Default
2026-09-06 12:59:51.057: [INFO] MostRecentlyActiveProfile: name=Profile 1 path=D:\Algo Trading Microservice Application\AlgoTrading springboot workspace\.metadata\.plugins\org.eclipse.swt\EBWebView\Default lastActive=2026-08-08T07:26:05.294Z
2026-09-06 12:59:51.057: [INFO] OnDoneLoading sync enabled: 0
2026-09-06 12:59:51.057: [INFO] BookmarkModelLoaded, ids_reassigned: 0
2026-09-06 12:59:51.057: [INFO] BookmarksLoadDropped droppedNodes=0
2026-09-06 12:59:51.057: [INFO] BookmarksSnapshot Startup total=0 bar=0 other=0 mobile=0 showBar=0 showBarNTP=1
2026-09-06 13:01:57.125: [INFO] BookmarksSnapshot Shutdown total=0 bar=0 other=0 mobile=0 showBar=0 showBarNTP=1
2026-09-06 13:15:58.138: [INFO] CurrentProfilePath: D:\Algo Trading Microservice Application\AlgoTrading springboot workspace\.metadata\.plugins\org.eclipse.swt\EBWebView\Default
2026-09-06 13:15:58.138: [INFO] Profiles total count: 1
2026-09-06 13:15:58.138: [INFO] Profile: name=Profile 1 path=D:\Algo Trading Microservice Application\AlgoTrading springboot workspace\.metadata\.plugins\org.eclipse.swt\EBWebView\Default lastActive=2026-08-08T07:26:05.294Z
2026-09-06 13:15:58.138: [INFO] LastUsedProfileDir: D:\Algo Trading Microservice Application\AlgoTrading springboot workspace\.metadata\.plugins\org.eclipse.swt\EBWebView\Default
2026-09-06 13:15:58.138: [INFO] MostRecentlyActiveProfile: name=Profile 1 path=D:\Algo Trading Microservice Application\AlgoTrading springboot workspace\.metadata\.plugins\org.eclipse.swt\EBWebView\Default lastActive=2026-08-08T07:26:05.294Z
2026-09-06 13:15:58.138: [INFO] OnDoneLoading sync enabled: 0
2026-09-06 13:15:58.138: [INFO] BookmarkModelLoaded, ids_reassigned: 0
2026-09-06 13:15:58.138: [INFO] BookmarksLoadDropped droppedNodes=0
2026-09-06 13:15:58.138: [INFO] BookmarksSnapshot Startup total=0 bar=0 other=0 mobile=0 showBar=0 showBarNTP=1
2026-09-06 18:51:57.672: [INFO] BookmarksSnapshot Shutdown total=0 bar=0 other=0 mobile=0 showBar=0 showBarNTP=1
2026-09-06 18:52:03.482: [INFO] CurrentProfilePath: D:\Algo Trading Microservice Application\AlgoTrading springboot workspace\.metadata\.plugins\org.eclipse.swt\EBWebView\Default
2026-09-06 18:52:03.482: [INFO] Profiles total count: 1
2026-09-06 18:52:03.482: [INFO] Profile: name=Profile 1 path=D:\Algo Trading Microservice Application\AlgoTrading springboot workspace\.metadata\.plugins\org.eclipse.swt\EBWebView\Default lastActive=2026-08-08T07:26:05.294Z
2026-09-06 18:52:03.482: [INFO] LastUsedProfileDir: D:\Algo Trading Microservice Application\AlgoTrading springboot workspace\.metadata\.plugins\org.eclipse.swt\EBWebView\Default
2026-09-06 18:52:03.482: [INFO] MostRecentlyActiveProfile: name=Profile 1 path=D:\Algo Trading Microservice Application\AlgoTrading springboot workspace\.metadata\.plugins\org.eclipse.swt\EBWebView\Default lastActive=2026-08-08T07:26:05.294Z
2026-09-06 18:52:03.482: [INFO] OnDoneLoading sync enabled: 0
2026-09-06 18:52:03.482: [INFO] BookmarkModelLoaded, ids_reassigned: 0
2026-09-06 18:52:03.482: [INFO] BookmarksLoadDropped droppedNodes=0
2026-09-06 18:52:03.482: [INFO] BookmarksSnapshot Startup total=0 bar=0 other=0 mobile=0 showBar=0 showBarNTP=1
2026-09-06 18:54:06.961: [INFO] BookmarksSnapshot Shutdown total=0 bar=0 other=0 mobile=0 showBar=0 showBarNTP=1
2026-09-06 18:55:01.592: [INFO] CurrentProfilePath: D:\Algo Trading Microservice Application\AlgoTrading springboot workspace\.metadata\.plugins\org.eclipse.swt\EBWebView\Default
2026-09-06 18:55:01.592: [INFO] Profiles total count: 1
2026-09-06 18:55:01.592: [INFO] Profile: name=Profile 1 path=D:\Algo Trading Microservice Application\AlgoTrading springboot workspace\.metadata\.plugins\org.eclipse.swt\EBWebView\Default lastActive=2026-08-08T07:26:05.294Z
2026-09-06 18:55:01.592: [INFO] LastUsedProfileDir: D:\Algo Trading Microservice Application\AlgoTrading springboot workspace\.metadata\.plugins\org.eclipse.swt\EBWebView\Default
2026-09-06 18:55:01.592: [INFO] MostRecentlyActiveProfile: name=Profile 1 path=D:\Algo Trading Microservice Application\AlgoTrading springboot workspace\.metadata\.plugins\org.eclipse.swt\EBWebView\Default lastActive=2026-08-08T07:26:05.294Z
2026-09-06 18:55:01.592: [INFO] OnDoneLoading sync enabled: 0
2026-09-06 18:55:01.592: [INFO] BookmarkModelLoaded, ids_reassigned: 0
2026-09-06 18:55:01.592: [INFO] BookmarksLoadDropped droppedNodes=0
2026-09-06 18:55:01.592: [INFO] BookmarksSnapshot Startup total=0 bar=0 other=0 mobile=0 showBar=0 showBarNTP=1
2026-09-06 20:27:34.299: [INFO] BookmarksSnapshot Shutdown total=0 bar=0 other=0 mobile=0 showBar=0 showBarNTP=1
2026-09-07 16:52:42.671: [INFO] CurrentProfilePath: D:\Algo Trading Microservice Application\AlgoTrading springboot workspace\.metadata\.plugins\org.eclipse.swt\EBWebView\Default
2026-09-07 16:52:42.671: [INFO] Profiles total count: 1
2026-09-07 16:52:42.671: [INFO] Profile: name=Profile 1 path=D:\Algo Trading Microservice Application\AlgoTrading springboot workspace\.metadata\.plugins\org.eclipse.swt\EBWebView\Default lastActive=2026-08-08T07:26:05.294Z
2026-09-07 16:52:42.671: [INFO] LastUsedProfileDir: D:\Algo Trading Microservice Application\AlgoTrading springboot workspace\.metadata\.plugins\org.eclipse.swt\EBWebView\Default
2026-09-07 16:52:42.671: [INFO] MostRecentlyActiveProfile: name=Profile 1 path=D:\Algo Trading Microservice Application\AlgoTrading springboot workspace\.metadata\.plugins\org.eclipse.swt\EBWebView\Default lastActive=2026-08-08T07:26:05.294Z
2026-09-07 16:52:42.671: [INFO] OnDoneLoading sync enabled: 0
2026-09-07 16:52:42.671: [INFO] BookmarkModelLoaded, ids_reassigned: 0
2026-09-07 16:52:42.671: [INFO] BookmarksLoadDropped droppedNodes=0
2026-09-07 16:52:42.671: [INFO] BookmarksSnapshot Startup total=0 bar=0 other=0 mobile=0 showBar=0 showBarNTP=1
2026-09-07 17:05:51.615: [INFO] BookmarksSnapshot Shutdown total=0 bar=0 other=0 mobile=0 showBar=0 showBarNTP=1
2026-09-07 17:17:24.035: [INFO] CurrentProfilePath: D:\Algo Trading Microservice Application\AlgoTrading springboot workspace\.metadata\.plugins\org.eclipse.swt\EBWebView\Default
2026-09-07 17:17:24.035: [INFO] Profiles total count: 1
2026-09-07 17:17:24.035: [INFO] Profile: name=Profile 1 path=D:\Algo Trading Microservice Application\AlgoTrading springboot workspace\.metadata\.plugins\org.eclipse.swt\EBWebView\Default lastActive=2026-08-08T07:26:05.294Z
2026-09-07 17:17:24.035: [INFO] LastUsedProfileDir: D:\Algo Trading Microservice Application\AlgoTrading springboot workspace\.metadata\.plugins\org.eclipse.swt\EBWebView\Default
2026-09-07 17:17:24.035: [INFO] MostRecentlyActiveProfile: name=Profile 1 path=D:\Algo Trading Microservice Application\AlgoTrading springboot workspace\.metadata\.plugins\org.eclipse.swt\EBWebView\Default lastActive=2026-08-08T07:26:05.294Z
2026-09-07 17:17:24.035: [INFO] OnDoneLoading sync enabled: 0
2026-09-07 17:17:24.035: [INFO] BookmarkModelLoaded, ids_reassigned: 0
2026-09-07 17:17:24.035: [INFO] BookmarksLoadDropped droppedNodes=0
2026-09-07 17:17:24.035: [INFO] BookmarksSnapshot Startup total=0 bar=0 other=0 mobile=0 showBar=0 showBarNTP=1
2026-09-07 17:42:19.478: [INFO] BookmarksSnapshot Shutdown total=0 bar=0 other=0 mobile=0 showBar=0 showBarNTP=1
2026-09-07 17:58:10.965: [INFO] CurrentProfilePath: D:\Algo Trading Microservice Application\AlgoTrading springboot workspace\.metadata\.plugins\org.eclipse.swt\EBWebView\Default
2026-09-07 17:58:10.965: [INFO] Profiles total count: 1
2026-09-07 17:58:10.965: [INFO] Profile: name=Profile 1 path=D:\Algo Trading Microservice Application\AlgoTrading springboot workspace\.metadata\.plugins\org.eclipse.swt\EBWebView\Default lastActive=2026-08-08T07:26:05.294Z
2026-09-07 17:58:10.965: [INFO] LastUsedProfileDir: D:\Algo Trading Microservice Application\AlgoTrading springboot workspace\.metadata\.plugins\org.eclipse.swt\EBWebView\Default
2026-09-07 17:58:10.965: [INFO] MostRecentlyActiveProfile: name=Profile 1 path=D:\Algo Trading Microservice Application\AlgoTrading springboot workspace\.metadata\.plugins\org.eclipse.swt\EBWebView\Default lastActive=2026-08-08T07:26:05.294Z
2026-09-07 17:58:10.965: [INFO] OnDoneLoading sync enabled: 0
2026-09-07 17:58:10.965: [INFO] BookmarkModelLoaded, ids_reassigned: 0
2026-09-07 17:58:10.965: [INFO] BookmarksLoadDropped droppedNodes=0
2026-09-07 17:58:10.965: [INFO] BookmarksSnapshot Startup total=0 bar=0 other=0 mobile=0 showBar=0 showBarNTP=1
2026-09-07 18:01:14.514: [INFO] BookmarksSnapshot Shutdown total=0 bar=0 other=0 mobile=0 showBar=0 showBarNTP=1
2026-09-07 18:01:50.145: [INFO] CurrentProfilePath: D:\Algo Trading Microservice Application\AlgoTrading springboot workspace\.metadata\.plugins\org.eclipse.swt\EBWebView\Default
2026-09-07 18:01:50.145: [INFO] Profiles total count: 1
2026-09-07 18:01:50.145: [INFO] Profile: name=Profile 1 path=D:\Algo Trading Microservice Application\AlgoTrading springboot workspace\.metadata\.plugins\org.eclipse.swt\EBWebView\Default lastActive=2026-08-08T07:26:05.294Z
2026-09-07 18:01:50.145: [INFO] LastUsedProfileDir: D:\Algo Trading Microservice Application\AlgoTrading springboot workspace\.metadata\.plugins\org.eclipse.swt\EBWebView\Default
2026-09-07 18:01:50.145: [INFO] MostRecentlyActiveProfile: name=Profile 1 path=D:\Algo Trading Microservice Application\AlgoTrading springboot workspace\.metadata\.plugins\org.eclipse.swt\EBWebView\Default lastActive=2026-08-08T07:26:05.294Z
2026-09-07 18:01:50.145: [INFO] OnDoneLoading sync enabled: 0
2026-09-07 18:01:50.145: [INFO] BookmarkModelLoaded, ids_reassigned: 0
2026-09-07 18:01:50.145: [INFO] BookmarksLoadDropped droppedNodes=0
2026-09-07 18:01:50.145: [INFO] BookmarksSnapshot Startup total=0 bar=0 other=0 mobile=0 showBar=0 showBarNTP=1
2026-09-07 19:33:55.005: [INFO] BookmarksSnapshot Shutdown total=0 bar=0 other=0 mobile=0 showBar=0 showBarNTP=1
2026-09-08 18:10:07.030: [INFO] CurrentProfilePath: D:\Algo Trading Microservice Application\AlgoTrading springboot workspace\.metadata\.plugins\org.eclipse.swt\EBWebView\Default
2026-09-08 18:10:07.030: [INFO] Profiles total count: 1
2026-09-08 18:10:07.030: [INFO] Profile: name=Profile 1 path=D:\Algo Trading Microservice Application\AlgoTrading springboot workspace\.metadata\.plugins\org.eclipse.swt\EBWebView\Default lastActive=2026-08-08T07:26:05.294Z
2026-09-08 18:10:07.030: [INFO] LastUsedProfileDir: D:\Algo Trading Microservice Application\AlgoTrading springboot workspace\.metadata\.plugins\org.eclipse.swt\EBWebView\Default
2026-09-08 18:10:07.030: [INFO] MostRecentlyActiveProfile: name=Profile 1 path=D:\Algo Trading Microservice Application\AlgoTrading springboot workspace\.metadata\.plugins\org.eclipse.swt\EBWebView\Default lastActive=2026-08-08T07:26:05.294Z
2026-09-08 18:10:07.030: [INFO] OnDoneLoading sync enabled: 0
2026-09-08 18:10:07.030: [INFO] BookmarkModelLoaded, ids_reassigned: 0
2026-09-08 18:10:07.030: [INFO] BookmarksLoadDropped droppedNodes=0
2026-09-08 18:10:07.030: [INFO] BookmarksSnapshot Startup total=0 bar=0 other=0 mobile=0 showBar=0 showBarNTP=1
2026-09-08 19:42:34.481: [INFO] BookmarksSnapshot Shutdown total=0 bar=0 other=0 mobile=0 showBar=0 showBarNTP=1
2026-09-16 17:03:07.043: [INFO] CurrentProfilePath: D:\Algo Trading Microservice Application\AlgoTrading springboot workspace\.metadata\.plugins\org.eclipse.swt\EBWebView\Default
2026-09-16 17:03:07.043: [INFO] Profiles total count: 1
2026-09-16 17:03:07.043: [INFO] Profile: name=Profile 1 path=D:\Algo Trading Microservice Application\AlgoTrading springboot workspace\.metadata\.plugins\org.eclipse.swt\EBWebView\Default lastActive=2026-08-08T07:26:05.294Z
2026-09-16 17:03:07.043: [INFO] LastUsedProfileDir: D:\Algo Trading Microservice Application\AlgoTrading springboot workspace\.metadata\.plugins\org.eclipse.swt\EBWebView\Default
2026-09-16 17:03:07.043: [INFO] MostRecentlyActiveProfile: name=Profile 1 path=D:\Algo Trading Microservice Application\AlgoTrading springboot workspace\.metadata\.plugins\org.eclipse.swt\EBWebView\Default lastActive=2026-08-08T07:26:05.294Z
2026-09-16 17:03:07.044: [INFO] OnDoneLoading sync enabled: 0
2026-09-16 17:03:07.044: [INFO] BookmarkModelLoaded, ids_reassigned: 0
2026-09-16 17:03:07.044: [INFO] BookmarksLoadDropped droppedNodes=0
2026-09-16 17:03:07.044: [INFO] BookmarksSnapshot Startup total=0 bar=0 other=0 mobile=0 showBar=0 showBarNTP=1
2026-09-16 17:03:13.077: [INFO] BookmarksSnapshot Shutdown total=0 bar=0 other=0 mobile=0 showBar=0 showBarNTP=1
2026-09-16 17:03:24.624: [INFO] CurrentProfilePath: D:\Algo Trading Microservice Application\AlgoTrading springboot workspace\.metadata\.plugins\org.eclipse.swt\EBWebView\Default
2026-09-16 17:03:24.624: [INFO] Profiles total count: 1
2026-09-16 17:03:24.624: [INFO] Profile: name=Profile 1 path=D:\Algo Trading Microservice Application\AlgoTrading springboot workspace\.metadata\.plugins\org.eclipse.swt\EBWebView\Default lastActive=2026-08-08T07:26:05.294Z
2026-09-16 17:03:24.624: [INFO] LastUsedProfileDir: D:\Algo Trading Microservice Application\AlgoTrading springboot workspace\.metadata\.plugins\org.eclipse.swt\EBWebView\Default
2026-09-16 17:03:24.624: [INFO] MostRecentlyActiveProfile: name=Profile 1 path=D:\Algo Trading Microservice Application\AlgoTrading springboot workspace\.metadata\.plugins\org.eclipse.swt\EBWebView\Default lastActive=2026-08-08T07:26:05.294Z
2026-09-16 17:03:24.624: [INFO] OnDoneLoading sync enabled: 0
2026-09-16 17:03:24.624: [INFO] BookmarkModelLoaded, ids_reassigned: 0
2026-09-16 17:03:24.624: [INFO] BookmarksLoadDropped droppedNodes=0
2026-09-16 17:03:24.624: [INFO] BookmarksSnapshot Startup total=0 bar=0 other=0 mobile=0 showBar=0 showBarNTP=1
2026-09-16 17:03:24.874: [INFO] BookmarksSnapshot Shutdown total=0 bar=0 other=0 mobile=0 showBar=0 showBarNTP=1
2026-09-16 18:17:22.477: [INFO] CurrentProfilePath: D:\Algo Trading Microservice Application\AlgoTrading springboot workspace\.metadata\.plugins\org.eclipse.swt\EBWebView\Default
2026-09-16 18:17:22.477: [INFO] Profiles total count: 1
2026-09-16 18:17:22.477: [INFO] Profile: name=Profile 1 path=D:\Algo Trading Microservice Application\AlgoTrading springboot workspace\.metadata\.plugins\org.eclipse.swt\EBWebView\Default lastActive=2026-08-08T07:26:05.294Z
2026-09-16 18:17:22.477: [INFO] LastUsedProfileDir: D:\Algo Trading Microservice Application\AlgoTrading springboot workspace\.metadata\.plugins\org.eclipse.swt\EBWebView\Default
2026-09-16 18:17:22.477: [INFO] MostRecentlyActiveProfile: name=Profile 1 path=D:\Algo Trading Microservice Application\AlgoTrading springboot workspace\.metadata\.plugins\org.eclipse.swt\EBWebView\Default lastActive=2026-08-08T07:26:05.294Z
2026-09-16 18:17:22.477: [INFO] OnDoneLoading sync enabled: 0
2026-09-16 18:17:22.477: [INFO] BookmarkModelLoaded, ids_reassigned: 0
2026-09-16 18:17:22.477: [INFO] BookmarksLoadDropped droppedNodes=0
2026-09-16 18:17:22.477: [INFO] BookmarksSnapshot Startup total=0 bar=0 other=0 mobile=0 showBar=0 showBarNTP=1
2026-09-16 18:41:06.135: [INFO] BookmarksSnapshot Shutdown total=0 bar=0 other=0 mobile=0 showBar=0 showBarNTP=1
2026-09-16 19:01:56.325: [INFO] CurrentProfilePath: D:\Algo Trading Microservice Application\AlgoTrading springboot workspace\.metadata\.plugins\org.eclipse.swt\EBWebView\Default
2026-09-16 19:01:56.325: [INFO] Profiles total count: 1
2026-09-16 19:01:56.325: [INFO] Profile: name=Profile 1 path=D:\Algo Trading Microservice Application\AlgoTrading springboot workspace\.metadata\.plugins\org.eclipse.swt\EBWebView\Default lastActive=2026-08-08T07:26:05.294Z
2026-09-16 19:01:56.325: [INFO] LastUsedProfileDir: D:\Algo Trading Microservice Application\AlgoTrading springboot workspace\.metadata\.plugins\org.eclipse.swt\EBWebView\Default
2026-09-16 19:01:56.325: [INFO] MostRecentlyActiveProfile: name=Profile 1 path=D:\Algo Trading Microservice Application\AlgoTrading springboot workspace\.metadata\.plugins\org.eclipse.swt\EBWebView\Default lastActive=2026-08-08T07:26:05.294Z
2026-09-16 19:01:56.325: [INFO] OnDoneLoading sync enabled: 0
2026-09-16 19:01:56.325: [INFO] BookmarkModelLoaded, ids_reassigned: 0
2026-09-16 19:01:56.325: [INFO] BookmarksLoadDropped droppedNodes=0
2026-09-16 19:01:56.325: [INFO] BookmarksSnapshot Startup total=0 bar=0 other=0 mobile=0 showBar=0 showBarNTP=1
2026-09-16 19:02:01.943: [INFO] BookmarksSnapshot Shutdown total=0 bar=0 other=0 mobile=0 showBar=0 showBarNTP=1
2026-09-16 19:07:52.093: [INFO] CurrentProfilePath: D:\Algo Trading Microservice Application\AlgoTrading springboot workspace\.metadata\.plugins\org.eclipse.swt\EBWebView\Default
2026-09-16 19:07:52.093: [INFO] Profiles total count: 1
2026-09-16 19:07:52.093: [INFO] Profile: name=Profile 1 path=D:\Algo Trading Microservice Application\AlgoTrading springboot workspace\.metadata\.plugins\org.eclipse.swt\EBWebView\Default lastActive=2026-08-08T07:26:05.294Z
2026-09-16 19:07:52.093: [INFO] LastUsedProfileDir: D:\Algo Trading Microservice Application\AlgoTrading springboot workspace\.metadata\.plugins\org.eclipse.swt\EBWebView\Default
2026-09-16 19:07:52.093: [INFO] MostRecentlyActiveProfile: name=Profile 1 path=D:\Algo Trading Microservice Application\AlgoTrading springboot workspace\.metadata\.plugins\org.eclipse.swt\EBWebView\Default lastActive=2026-08-08T07:26:05.294Z
2026-09-16 19:07:52.093: [INFO] OnDoneLoading sync enabled: 0
2026-09-16 19:07:52.093: [INFO] BookmarkModelLoaded, ids_reassigned: 0
2026-09-16 19:07:52.093: [INFO] BookmarksLoadDropped droppedNodes=0
2026-09-16 19:07:52.093: [INFO] BookmarksSnapshot Startup total=0 bar=0 other=0 mobile=0 showBar=0 showBarNTP=1
2026-09-16 19:08:11.321: [INFO] BookmarksSnapshot Shutdown total=0 bar=0 other=0 mobile=0 showBar=0 showBarNTP=1
2026-09-16 19:08:23.515: [INFO] CurrentProfilePath: D:\Algo Trading Microservice Application\AlgoTrading springboot workspace\.metadata\.plugins\org.eclipse.swt\EBWebView\Default
2026-09-16 19:08:23.515: [INFO] Profiles total count: 1
2026-09-16 19:08:23.515: [INFO] Profile: name=Profile 1 path=D:\Algo Trading Microservice Application\AlgoTrading springboot workspace\.metadata\.plugins\org.eclipse.swt\EBWebView\Default lastActive=2026-08-08T07:26:05.294Z
2026-09-16 19:08:23.515: [INFO] LastUsedProfileDir: D:\Algo Trading Microservice Application\AlgoTrading springboot workspace\.metadata\.plugins\org.eclipse.swt\EBWebView\Default
2026-09-16 19:08:23.515: [INFO] MostRecentlyActiveProfile: name=Profile 1 path=D:\Algo Trading Microservice Application\AlgoTrading springboot workspace\.metadata\.plugins\org.eclipse.swt\EBWebView\Default lastActive=2026-08-08T07:26:05.294Z
2026-09-16 19:08:23.515: [INFO] OnDoneLoading sync enabled: 0
2026-09-16 19:08:23.515: [INFO] BookmarkModelLoaded, ids_reassigned: 0
2026-09-16 19:08:23.515: [INFO] BookmarksLoadDropped droppedNodes=0
2026-09-16 19:08:23.515: [INFO] BookmarksSnapshot Startup total=0 bar=0 other=0 mobile=0 showBar=0 showBarNTP=1
2026-09-16 19:54:28.398: [INFO] BookmarksSnapshot Shutdown total=0 bar=0 other=0 mobile=0 showBar=0 showBarNTP=1
2026-09-17 17:18:44.108: [INFO] CurrentProfilePath: D:\Algo Trading Microservice Application\AlgoTrading springboot workspace\.metadata\.plugins\org.eclipse.swt\EBWebView\Default
2026-09-17 17:18:44.108: [INFO] Profiles total count: 1
2026-09-17 17:18:44.108: [INFO] Profile: name=Profile 1 path=D:\Algo Trading Microservice Application\AlgoTrading springboot workspace\.metadata\.plugins\org.eclipse.swt\EBWebView\Default lastActive=2026-08-08T07:26:05.294Z
2026-09-17 17:18:44.108: [INFO] LastUsedProfileDir: D:\Algo Trading Microservice Application\AlgoTrading springboot workspace\.metadata\.plugins\org.eclipse.swt\EBWebView\Default
2026-09-17 17:18:44.108: [INFO] MostRecentlyActiveProfile: name=Profile 1 path=D:\Algo Trading Microservice Application\AlgoTrading springboot workspace\.metadata\.plugins\org.eclipse.swt\EBWebView\Default lastActive=2026-08-08T07:26:05.294Z
2026-09-17 17:18:44.108: [INFO] OnDoneLoading sync enabled: 0
2026-09-17 17:18:44.108: [INFO] BookmarkModelLoaded, ids_reassigned: 0
2026-09-17 17:18:44.108: [INFO] BookmarksLoadDropped droppedNodes=0
2026-09-17 17:18:44.108: [INFO] BookmarksSnapshot Startup total=0 bar=0 other=0 mobile=0 showBar=0 showBarNTP=1
2026-09-17 17:18:53.858: [INFO] BookmarksSnapshot Shutdown total=0 bar=0 other=0 mobile=0 showBar=0 showBarNTP=1
2026-09-17 17:19:01.995: [INFO] CurrentProfilePath: D:\Algo Trading Microservice Application\AlgoTrading springboot workspace\.metadata\.plugins\org.eclipse.swt\EBWebView\Default
2026-09-17 17:19:01.995: [INFO] Profiles total count: 1
2026-09-17 17:19:01.995: [INFO] Profile: name=Profile 1 path=D:\Algo Trading Microservice Application\AlgoTrading springboot workspace\.metadata\.plugins\org.eclipse.swt\EBWebView\Default lastActive=2026-08-08T07:26:05.294Z
2026-09-17 17:19:01.995: [INFO] LastUsedProfileDir: D:\Algo Trading Microservice Application\AlgoTrading springboot workspace\.metadata\.plugins\org.eclipse.swt\EBWebView\Default
2026-09-17 17:19:01.995: [INFO] MostRecentlyActiveProfile: name=Profile 1 path=D:\Algo Trading Microservice Application\AlgoTrading springboot workspace\.metadata\.plugins\org.eclipse.swt\EBWebView\Default lastActive=2026-08-08T07:26:05.294Z
2026-09-17 17:19:01.995: [INFO] OnDoneLoading sync enabled: 0
2026-09-17 17:19:01.995: [INFO] BookmarkModelLoaded, ids_reassigned: 0
2026-09-17 17:19:01.995: [INFO] BookmarksLoadDropped droppedNodes=0
2026-09-17 17:19:01.995: [INFO] BookmarksSnapshot Startup total=0 bar=0 other=0 mobile=0 showBar=0 showBarNTP=1
2026-09-17 17:19:04.681: [INFO] BookmarksSnapshot Shutdown total=0 bar=0 other=0 mobile=0 showBar=0 showBarNTP=1
2026-09-17 17:19:09.430: [INFO] CurrentProfilePath: D:\Algo Trading Microservice Application\AlgoTrading springboot workspace\.metadata\.plugins\org.eclipse.swt\EBWebView\Default
2026-09-17 17:19:09.430: [INFO] Profiles total count: 1
2026-09-17 17:19:09.430: [INFO] Profile: name=Profile 1 path=D:\Algo Trading Microservice Application\AlgoTrading springboot workspace\.metadata\.plugins\org.eclipse.swt\EBWebView\Default lastActive=2026-08-08T07:26:05.294Z
2026-09-17 17:19:09.430: [INFO] LastUsedProfileDir: D:\Algo Trading Microservice Application\AlgoTrading springboot workspace\.metadata\.plugins\org.eclipse.swt\EBWebView\Default
2026-09-17 17:19:09.430: [INFO] MostRecentlyActiveProfile: name=Profile 1 path=D:\Algo Trading Microservice Application\AlgoTrading springboot workspace\.metadata\.plugins\org.eclipse.swt\EBWebView\Default lastActive=2026-08-08T07:26:05.294Z
2026-09-17 17:19:09.430: [INFO] OnDoneLoading sync enabled: 0
2026-09-17 17:19:09.430: [INFO] BookmarkModelLoaded, ids_reassigned: 0
2026-09-17 17:19:09.430: [INFO] BookmarksLoadDropped droppedNodes=0
2026-09-17 17:19:09.430: [INFO] BookmarksSnapshot Startup total=0 bar=0 other=0 mobile=0 showBar=0 showBarNTP=1
2026-09-17 17:19:30.243: [INFO] BookmarksSnapshot Shutdown total=0 bar=0 other=0 mobile=0 showBar=0 showBarNTP=1
2026-09-17 17:19:39.343: [INFO] CurrentProfilePath: D:\Algo Trading Microservice Application\AlgoTrading springboot workspace\.metadata\.plugins\org.eclipse.swt\EBWebView\Default
2026-09-17 17:19:39.344: [INFO] Profiles total count: 1
2026-09-17 17:19:39.344: [INFO] Profile: name=Profile 1 path=D:\Algo Trading Microservice Application\AlgoTrading springboot workspace\.metadata\.plugins\org.eclipse.swt\EBWebView\Default lastActive=2026-08-08T07:26:05.294Z
2026-09-17 17:19:39.344: [INFO] LastUsedProfileDir: D:\Algo Trading Microservice Application\AlgoTrading springboot workspace\.metadata\.plugins\org.eclipse.swt\EBWebView\Default
2026-09-17 17:19:39.344: [INFO] MostRecentlyActiveProfile: name=Profile 1 path=D:\Algo Trading Microservice Application\AlgoTrading springboot workspace\.metadata\.plugins\org.eclipse.swt\EBWebView\Default lastActive=2026-08-08T07:26:05.294Z
2026-09-17 17:19:39.344: [INFO] OnDoneLoading sync enabled: 0
2026-09-17 17:19:39.344: [INFO] BookmarkModelLoaded, ids_reassigned: 0
2026-09-17 17:19:39.344: [INFO] BookmarksLoadDropped droppedNodes=0
2026-09-17 17:19:39.344: [INFO] BookmarksSnapshot Startup total=0 bar=0 other=0 mobile=0 showBar=0 showBarNTP=1
2026-09-17 17:19:39.592: [INFO] BookmarksSnapshot Shutdown total=0 bar=0 other=0 mobile=0 showBar=0 showBarNTP=1
2026-09-17 17:20:02.447: [INFO] CurrentProfilePath: D:\Algo Trading Microservice Application\AlgoTrading springboot workspace\.metadata\.plugins\org.eclipse.swt\EBWebView\Default
2026-09-17 17:20:02.447: [INFO] Profiles total count: 1
2026-09-17 17:20:02.447: [INFO] Profile: name=Profile 1 path=D:\Algo Trading Microservice Application\AlgoTrading springboot workspace\.metadata\.plugins\org.eclipse.swt\EBWebView\Default lastActive=2026-08-08T07:26:05.294Z
2026-09-17 17:20:02.447: [INFO] LastUsedProfileDir: D:\Algo Trading Microservice Application\AlgoTrading springboot workspace\.metadata\.plugins\org.eclipse.swt\EBWebView\Default
2026-09-17 17:20:02.447: [INFO] MostRecentlyActiveProfile: name=Profile 1 path=D:\Algo Trading Microservice Application\AlgoTrading springboot workspace\.metadata\.plugins\org.eclipse.swt\EBWebView\Default lastActive=2026-08-08T07:26:05.294Z
2026-09-17 17:20:02.447: [INFO] OnDoneLoading sync enabled: 0
2026-09-17 17:20:02.447: [INFO] BookmarkModelLoaded, ids_reassigned: 0
2026-09-17 17:20:02.447: [INFO] BookmarksLoadDropped droppedNodes=0
2026-09-17 17:20:02.447: [INFO] BookmarksSnapshot Startup total=0 bar=0 other=0 mobile=0 showBar=0 showBarNTP=1
2026-09-17 17:20:06.133: [INFO] BookmarksSnapshot Shutdown total=0 bar=0 other=0 mobile=0 showBar=0 showBarNTP=1
2026-09-17 17:22:09.749: [INFO] CurrentProfilePath: D:\Algo Trading Microservice Application\AlgoTrading springboot workspace\.metadata\.plugins\org.eclipse.swt\EBWebView\Default
2026-09-17 17:22:09.749: [INFO] Profiles total count: 1
2026-09-17 17:22:09.749: [INFO] Profile: name=Profile 1 path=D:\Algo Trading Microservice Application\AlgoTrading springboot workspace\.metadata\.plugins\org.eclipse.swt\EBWebView\Default lastActive=2026-08-08T07:26:05.294Z
2026-09-17 17:22:09.749: [INFO] LastUsedProfileDir: D:\Algo Trading Microservice Application\AlgoTrading springboot workspace\.metadata\.plugins\org.eclipse.swt\EBWebView\Default
2026-09-17 17:22:09.749: [INFO] MostRecentlyActiveProfile: name=Profile 1 path=D:\Algo Trading Microservice Application\AlgoTrading springboot workspace\.metadata\.plugins\org.eclipse.swt\EBWebView\Default lastActive=2026-08-08T07:26:05.294Z
2026-09-17 17:22:09.749: [INFO] OnDoneLoading sync enabled: 0
2026-09-17 17:22:09.749: [INFO] BookmarkModelLoaded, ids_reassigned: 0
2026-09-17 17:22:09.749: [INFO] BookmarksLoadDropped droppedNodes=0
2026-09-17 17:22:09.749: [INFO] BookmarksSnapshot Startup total=0 bar=0 other=0 mobile=0 showBar=0 showBarNTP=1
2026-09-17 19:43:51.526: [INFO] BookmarksSnapshot Shutdown total=0 bar=0 other=0 mobile=0 showBar=0 showBarNTP=1
2026-09-18 17:54:32.539: [INFO] CurrentProfilePath: D:\Algo Trading Microservice Application\AlgoTrading springboot workspace\.metadata\.plugins\org.eclipse.swt\EBWebView\Default
2026-09-18 17:54:32.539: [INFO] Profiles total count: 1
2026-09-18 17:54:32.539: [INFO] Profile: name=Profile 1 path=D:\Algo Trading Microservice Application\AlgoTrading springboot workspace\.metadata\.plugins\org.eclipse.swt\EBWebView\Default lastActive=2026-09-17T19:34:20.160Z
2026-09-18 17:54:32.539: [INFO] LastUsedProfileDir: D:\Algo Trading Microservice Application\AlgoTrading springboot workspace\.metadata\.plugins\org.eclipse.swt\EBWebView\Default
2026-09-18 17:54:32.539: [INFO] MostRecentlyActiveProfile: name=Profile 1 path=D:\Algo Trading Microservice Application\AlgoTrading springboot workspace\.metadata\.plugins\org.eclipse.swt\EBWebView\Default lastActive=2026-09-17T19:34:20.160Z
2026-09-18 17:54:32.539: [INFO] OnDoneLoading sync enabled: 0
2026-09-18 17:54:32.539: [INFO] BookmarkModelLoaded, ids_reassigned: 0
2026-09-18 17:54:32.539: [INFO] BookmarksLoadDropped droppedNodes=0
2026-09-18 17:54:32.539: [INFO] BookmarksSnapshot Startup total=0 bar=0 other=0 mobile=0 showBar=0 showBarNTP=1
2026-09-18 17:54:38.918: [INFO] BookmarksSnapshot Shutdown total=0 bar=0 other=0 mobile=0 showBar=0 showBarNTP=1
2026-09-18 17:54:51.451: [INFO] CurrentProfilePath: D:\Algo Trading Microservice Application\AlgoTrading springboot workspace\.metadata\.plugins\org.eclipse.swt\EBWebView\Default
2026-09-18 17:54:51.451: [INFO] Profiles total count: 1
2026-09-18 17:54:51.452: [INFO] Profile: name=Profile 1 path=D:\Algo Trading Microservice Application\AlgoTrading springboot workspace\.metadata\.plugins\org.eclipse.swt\EBWebView\Default lastActive=2026-09-17T19:34:20.160Z
2026-09-18 17:54:51.452: [INFO] LastUsedProfileDir: D:\Algo Trading Microservice Application\AlgoTrading springboot workspace\.metadata\.plugins\org.eclipse.swt\EBWebView\Default
2026-09-18 17:54:51.452: [INFO] MostRecentlyActiveProfile: name=Profile 1 path=D:\Algo Trading Microservice Application\AlgoTrading springboot workspace\.metadata\.plugins\org.eclipse.swt\EBWebView\Default lastActive=2026-09-17T19:34:20.160Z
2026-09-18 17:54:51.452: [INFO] OnDoneLoading sync enabled: 0
2026-09-18 17:54:51.452: [INFO] BookmarkModelLoaded, ids_reassigned: 0
2026-09-18 17:54:51.452: [INFO] BookmarksLoadDropped droppedNodes=0
2026-09-18 17:54:51.452: [INFO] BookmarksSnapshot Startup total=0 bar=0 other=0 mobile=0 showBar=0 showBarNTP=1
2026-09-18 17:54:51.652: [INFO] BookmarksSnapshot Shutdown total=0 bar=0 other=0 mobile=0 showBar=0 showBarNTP=1
2026-09-18 17:54:55.216: [INFO] CurrentProfilePath: D:\Algo Trading Microservice Application\AlgoTrading springboot workspace\.metadata\.plugins\org.eclipse.swt\EBWebView\Default
2026-09-18 17:54:55.216: [INFO] Profiles total count: 1
2026-09-18 17:54:55.216: [INFO] Profile: name=Profile 1 path=D:\Algo Trading Microservice Application\AlgoTrading springboot workspace\.metadata\.plugins\org.eclipse.swt\EBWebView\Default lastActive=2026-09-17T19:34:20.160Z
2026-09-18 17:54:55.216: [INFO] LastUsedProfileDir: D:\Algo Trading Microservice Application\AlgoTrading springboot workspace\.metadata\.plugins\org.eclipse.swt\EBWebView\Default
2026-09-18 17:54:55.216: [INFO] MostRecentlyActiveProfile: name=Profile 1 path=D:\Algo Trading Microservice Application\AlgoTrading springboot workspace\.metadata\.plugins\org.eclipse.swt\EBWebView\Default lastActive=2026-09-17T19:34:20.160Z
2026-09-18 17:54:55.216: [INFO] OnDoneLoading sync enabled: 0
2026-09-18 17:54:55.216: [INFO] BookmarkModelLoaded, ids_reassigned: 0
2026-09-18 17:54:55.216: [INFO] BookmarksLoadDropped droppedNodes=0
2026-09-18 17:54:55.216: [INFO] BookmarksSnapshot Startup total=0 bar=0 other=0 mobile=0 showBar=0 showBarNTP=1
2026-09-18 17:55:30.570: [INFO] BookmarksSnapshot Shutdown total=0 bar=0 other=0 mobile=0 showBar=0 showBarNTP=1
2026-09-18 17:55:40.340: [INFO] CurrentProfilePath: D:\Algo Trading Microservice Application\AlgoTrading springboot workspace\.metadata\.plugins\org.eclipse.swt\EBWebView\Default
2026-09-18 17:55:40.340: [INFO] Profiles total count: 1
2026-09-18 17:55:40.340: [INFO] Profile: name=Profile 1 path=D:\Algo Trading Microservice Application\AlgoTrading springboot workspace\.metadata\.plugins\org.eclipse.swt\EBWebView\Default lastActive=2026-09-17T19:34:20.160Z
2026-09-18 17:55:40.340: [INFO] LastUsedProfileDir: D:\Algo Trading Microservice Application\AlgoTrading springboot workspace\.metadata\.plugins\org.eclipse.swt\EBWebView\Default
2026-09-18 17:55:40.340: [INFO] MostRecentlyActiveProfile: name=Profile 1 path=D:\Algo Trading Microservice Application\AlgoTrading springboot workspace\.metadata\.plugins\org.eclipse.swt\EBWebView\Default lastActive=2026-09-17T19:34:20.160Z
2026-09-18 17:55:40.340: [INFO] OnDoneLoading sync enabled: 0
2026-09-18 17:55:40.340: [INFO] BookmarkModelLoaded, ids_reassigned: 0
2026-09-18 17:55:40.340: [INFO] BookmarksLoadDropped droppedNodes=0
2026-09-18 17:55:40.340: [INFO] BookmarksSnapshot Startup total=0 bar=0 other=0 mobile=0 showBar=0 showBarNTP=1
2026-09-18 17:55:49.589: [INFO] BookmarksSnapshot Shutdown total=0 bar=0 other=0 mobile=0 showBar=0 showBarNTP=1
2026-09-18 17:56:01.218: [INFO] CurrentProfilePath: D:\Algo Trading Microservice Application\AlgoTrading springboot workspace\.metadata\.plugins\org.eclipse.swt\EBWebView\Default
2026-09-18 17:56:01.218: [INFO] Profiles total count: 1
2026-09-18 17:56:01.218: [INFO] Profile: name=Profile 1 path=D:\Algo Trading Microservice Application\AlgoTrading springboot workspace\.metadata\.plugins\org.eclipse.swt\EBWebView\Default lastActive=2026-09-17T19:34:20.160Z
2026-09-18 17:56:01.218: [INFO] LastUsedProfileDir: D:\Algo Trading Microservice Application\AlgoTrading springboot workspace\.metadata\.plugins\org.eclipse.swt\EBWebView\Default
2026-09-18 17:56:01.218: [INFO] MostRecentlyActiveProfile: name=Profile 1 path=D:\Algo Trading Microservice Application\AlgoTrading springboot workspace\.metadata\.plugins\org.eclipse.swt\EBWebView\Default lastActive=2026-09-17T19:34:20.160Z
2026-09-18 17:56:01.218: [INFO] OnDoneLoading sync enabled: 0
2026-09-18 17:56:01.218: [INFO] BookmarkModelLoaded, ids_reassigned: 0
2026-09-18 17:56:01.218: [INFO] BookmarksLoadDropped droppedNodes=0
2026-09-18 17:56:01.218: [INFO] BookmarksSnapshot Startup total=0 bar=0 other=0 mobile=0 showBar=0 showBarNTP=1
2026-09-18 17:56:11.222: [INFO] BookmarksSnapshot Shutdown total=0 bar=0 other=0 mobile=0 showBar=0 showBarNTP=1
2026-09-18 17:58:18.156: [INFO] CurrentProfilePath: D:\Algo Trading Microservice Application\AlgoTrading springboot workspace\.metadata\.plugins\org.eclipse.swt\EBWebView\Default
2026-09-18 17:58:18.156: [INFO] Profiles total count: 1
2026-09-18 17:58:18.156: [INFO] Profile: name=Profile 1 path=D:\Algo Trading Microservice Application\AlgoTrading springboot workspace\.metadata\.plugins\org.eclipse.swt\EBWebView\Default lastActive=2026-09-17T19:34:20.160Z
2026-09-18 17:58:18.156: [INFO] LastUsedProfileDir: D:\Algo Trading Microservice Application\AlgoTrading springboot workspace\.metadata\.plugins\org.eclipse.swt\EBWebView\Default
2026-09-18 17:58:18.156: [INFO] MostRecentlyActiveProfile: name=Profile 1 path=D:\Algo Trading Microservice Application\AlgoTrading springboot workspace\.metadata\.plugins\org.eclipse.swt\EBWebView\Default lastActive=2026-09-17T19:34:20.160Z
2026-09-18 17:58:18.156: [INFO] OnDoneLoading sync enabled: 0
2026-09-18 17:58:18.156: [INFO] BookmarkModelLoaded, ids_reassigned: 0
2026-09-18 17:58:18.156: [INFO] BookmarksLoadDropped droppedNodes=0
2026-09-18 17:58:18.156: [INFO] BookmarksSnapshot Startup total=0 bar=0 other=0 mobile=0 showBar=0 showBarNTP=1
2026-09-18 17:58:28.504: [INFO] BookmarksSnapshot Shutdown total=0 bar=0 other=0 mobile=0 showBar=0 showBarNTP=1
2026-09-18 17:59:17.082: [INFO] CurrentProfilePath: D:\Algo Trading Microservice Application\AlgoTrading springboot workspace\.metadata\.plugins\org.eclipse.swt\EBWebView\Default
2026-09-18 17:59:17.082: [INFO] Profiles total count: 1
2026-09-18 17:59:17.082: [INFO] Profile: name=Profile 1 path=D:\Algo Trading Microservice Application\AlgoTrading springboot workspace\.metadata\.plugins\org.eclipse.swt\EBWebView\Default lastActive=2026-09-17T19:34:20.160Z
2026-09-18 17:59:17.082: [INFO] LastUsedProfileDir: D:\Algo Trading Microservice Application\AlgoTrading springboot workspace\.metadata\.plugins\org.eclipse.swt\EBWebView\Default
2026-09-18 17:59:17.082: [INFO] MostRecentlyActiveProfile: name=Profile 1 path=D:\Algo Trading Microservice Application\AlgoTrading springboot workspace\.metadata\.plugins\org.eclipse.swt\EBWebView\Default lastActive=2026-09-17T19:34:20.160Z
2026-09-18 17:59:17.082: [INFO] OnDoneLoading sync enabled: 0
2026-09-18 17:59:17.082: [INFO] BookmarkModelLoaded, ids_reassigned: 0
2026-09-18 17:59:17.082: [INFO] BookmarksLoadDropped droppedNodes=0
2026-09-18 17:59:17.082: [INFO] BookmarksSnapshot Startup total=0 bar=0 other=0 mobile=0 showBar=0 showBarNTP=1
2026-09-18 20:27:17.727: [INFO] BookmarksSnapshot Shutdown total=0 bar=0 other=0 mobile=0 showBar=0 showBarNTP=1
2026-09-19 04:07:46.155: [INFO] CurrentProfilePath: D:\Algo Trading Microservice Application\AlgoTrading springboot workspace\.metadata\.plugins\org.eclipse.swt\EBWebView\Default
2026-09-19 04:07:46.155: [INFO] Profiles total count: 1
2026-09-19 04:07:46.155: [INFO] Profile: name=Profile 1 path=D:\Algo Trading Microservice Application\AlgoTrading springboot workspace\.metadata\.plugins\org.eclipse.swt\EBWebView\Default lastActive=2026-09-18T18:37:59.417Z
2026-09-19 04:07:46.155: [INFO] LastUsedProfileDir: D:\Algo Trading Microservice Application\AlgoTrading springboot workspace\.metadata\.plugins\org.eclipse.swt\EBWebView\Default
2026-09-19 04:07:46.155: [INFO] MostRecentlyActiveProfile: name=Profile 1 path=D:\Algo Trading Microservice Application\AlgoTrading springboot workspace\.metadata\.plugins\org.eclipse.swt\EBWebView\Default lastActive=2026-09-18T18:37:59.417Z
2026-09-19 04:07:46.155: [INFO] OnDoneLoading sync enabled: 0
2026-09-19 04:07:46.155: [INFO] BookmarkModelLoaded, ids_reassigned: 0
2026-09-19 04:07:46.155: [INFO] BookmarksLoadDropped droppedNodes=0
2026-09-19 04:07:46.155: [INFO] BookmarksSnapshot Startup total=0 bar=0 other=0 mobile=0 showBar=0 showBarNTP=1
2026-09-19 04:10:00.945: [INFO] CurrentProfilePath: D:\Algo Trading Microservice Application\AlgoTrading springboot workspace\.metadata\.plugins\org.eclipse.swt\EBWebView\Default
2026-09-19 04:10:00.945: [INFO] Profiles total count: 1
2026-09-19 04:10:00.945: [INFO] Profile: name=Profile 1 path=D:\Algo Trading Microservice Application\AlgoTrading springboot workspace\.metadata\.plugins\org.eclipse.swt\EBWebView\Default lastActive=2026-09-18T18:37:59.417Z
2026-09-19 04:10:00.945: [INFO] LastUsedProfileDir: D:\Algo Trading Microservice Application\AlgoTrading springboot workspace\.metadata\.plugins\org.eclipse.swt\EBWebView\Default
2026-09-19 04:10:00.945: [INFO] MostRecentlyActiveProfile: name=Profile 1 path=D:\Algo Trading Microservice Application\AlgoTrading springboot workspace\.metadata\.plugins\org.eclipse.swt\EBWebView\Default lastActive=2026-09-18T18:37:59.417Z
2026-09-19 04:10:00.946: [INFO] OnDoneLoading sync enabled: 0
2026-09-19 04:10:00.946: [INFO] BookmarkModelLoaded, ids_reassigned: 0
2026-09-19 04:10:00.946: [INFO] BookmarksLoadDropped droppedNodes=0
2026-09-19 04:10:00.946: [INFO] BookmarksSnapshot Startup total=0 bar=0 other=0 mobile=0 showBar=0 showBarNTP=1
2026-09-19 04:10:05.366: [INFO] BookmarksSnapshot Shutdown total=0 bar=0 other=0 mobile=0 showBar=0 showBarNTP=1
2026-09-19 04:11:02.443: [INFO] CurrentProfilePath: D:\Algo Trading Microservice Application\AlgoTrading springboot workspace\.metadata\.plugins\org.eclipse.swt\EBWebView\Default
2026-09-19 04:11:02.443: [INFO] Profiles total count: 1
2026-09-19 04:11:02.443: [INFO] Profile: name=Profile 1 path=D:\Algo Trading Microservice Application\AlgoTrading springboot workspace\.metadata\.plugins\org.eclipse.swt\EBWebView\Default lastActive=2026-09-18T18:37:59.417Z
2026-09-19 04:11:02.443: [INFO] LastUsedProfileDir: D:\Algo Trading Microservice Application\AlgoTrading springboot workspace\.metadata\.plugins\org.eclipse.swt\EBWebView\Default
2026-09-19 04:11:02.443: [INFO] MostRecentlyActiveProfile: name=Profile 1 path=D:\Algo Trading Microservice Application\AlgoTrading springboot workspace\.metadata\.plugins\org.eclipse.swt\EBWebView\Default lastActive=2026-09-18T18:37:59.417Z
2026-09-19 04:11:02.443: [INFO] OnDoneLoading sync enabled: 0
2026-09-19 04:11:02.443: [INFO] BookmarkModelLoaded, ids_reassigned: 0
2026-09-19 04:11:02.443: [INFO] BookmarksLoadDropped droppedNodes=0
2026-09-19 04:11:02.443: [INFO] BookmarksSnapshot Startup total=0 bar=0 other=0 mobile=0 showBar=0 showBarNTP=1
2026-09-19 04:11:10.262: [INFO] BookmarksSnapshot Shutdown total=0 bar=0 other=0 mobile=0 showBar=0 showBarNTP=1
2026-09-19 04:11:16.038: [INFO] CurrentProfilePath: D:\Algo Trading Microservice Application\AlgoTrading springboot workspace\.metadata\.plugins\org.eclipse.swt\EBWebView\Default
2026-09-19 04:11:16.038: [INFO] Profiles total count: 1
2026-09-19 04:11:16.038: [INFO] Profile: name=Profile 1 path=D:\Algo Trading Microservice Application\AlgoTrading springboot workspace\.metadata\.plugins\org.eclipse.swt\EBWebView\Default lastActive=2026-09-18T18:37:59.417Z
2026-09-19 04:11:16.038: [INFO] LastUsedProfileDir: D:\Algo Trading Microservice Application\AlgoTrading springboot workspace\.metadata\.plugins\org.eclipse.swt\EBWebView\Default
2026-09-19 04:11:16.038: [INFO] MostRecentlyActiveProfile: name=Profile 1 path=D:\Algo Trading Microservice Application\AlgoTrading springboot workspace\.metadata\.plugins\org.eclipse.swt\EBWebView\Default lastActive=2026-09-18T18:37:59.417Z
2026-09-19 04:11:16.038: [INFO] OnDoneLoading sync enabled: 0
2026-09-19 04:11:16.038: [INFO] BookmarkModelLoaded, ids_reassigned: 0
2026-09-19 04:11:16.038: [INFO] BookmarksLoadDropped droppedNodes=0
2026-09-19 04:11:16.038: [INFO] BookmarksSnapshot Startup total=0 bar=0 other=0 mobile=0 showBar=0 showBarNTP=1
2026-09-19 04:11:19.663: [INFO] BookmarksSnapshot Shutdown total=0 bar=0 other=0 mobile=0 showBar=0 showBarNTP=1
2026-09-19 04:12:12.227: [INFO] CurrentProfilePath: D:\Algo Trading Microservice Application\AlgoTrading springboot workspace\.metadata\.plugins\org.eclipse.swt\EBWebView\Default
2026-09-19 04:12:12.227: [INFO] Profiles total count: 1
2026-09-19 04:12:12.227: [INFO] Profile: name=Profile 1 path=D:\Algo Trading Microservice Application\AlgoTrading springboot workspace\.metadata\.plugins\org.eclipse.swt\EBWebView\Default lastActive=2026-09-18T18:37:59.417Z
2026-09-19 04:12:12.227: [INFO] LastUsedProfileDir: D:\Algo Trading Microservice Application\AlgoTrading springboot workspace\.metadata\.plugins\org.eclipse.swt\EBWebView\Default
2026-09-19 04:12:12.227: [INFO] MostRecentlyActiveProfile: name=Profile 1 path=D:\Algo Trading Microservice Application\AlgoTrading springboot workspace\.metadata\.plugins\org.eclipse.swt\EBWebView\Default lastActive=2026-09-18T18:37:59.417Z
2026-09-19 04:12:12.227: [INFO] OnDoneLoading sync enabled: 0
2026-09-19 04:12:12.227: [INFO] BookmarkModelLoaded, ids_reassigned: 0
2026-09-19 04:12:12.227: [INFO] BookmarksLoadDropped droppedNodes=0
2026-09-19 04:12:12.227: [INFO] BookmarksSnapshot Startup total=0 bar=0 other=0 mobile=0 showBar=0 showBarNTP=1
2026-09-19 04:12:27.037: [INFO] BookmarksSnapshot Shutdown total=0 bar=0 other=0 mobile=0 showBar=0 showBarNTP=1
2026-09-19 04:12:32.231: [INFO] CurrentProfilePath: D:\Algo Trading Microservice Application\AlgoTrading springboot workspace\.metadata\.plugins\org.eclipse.swt\EBWebView\Default
2026-09-19 04:12:32.231: [INFO] Profiles total count: 1
2026-09-19 04:12:32.231: [INFO] Profile: name=Profile 1 path=D:\Algo Trading Microservice Application\AlgoTrading springboot workspace\.metadata\.plugins\org.eclipse.swt\EBWebView\Default lastActive=2026-09-18T18:37:59.417Z
2026-09-19 04:12:32.231: [INFO] LastUsedProfileDir: D:\Algo Trading Microservice Application\AlgoTrading springboot workspace\.metadata\.plugins\org.eclipse.swt\EBWebView\Default
2026-09-19 04:12:32.231: [INFO] MostRecentlyActiveProfile: name=Profile 1 path=D:\Algo Trading Microservice Application\AlgoTrading springboot workspace\.metadata\.plugins\org.eclipse.swt\EBWebView\Default lastActive=2026-09-18T18:37:59.417Z
2026-09-19 04:12:32.231: [INFO] OnDoneLoading sync enabled: 0
2026-09-19 04:12:32.231: [INFO] BookmarkModelLoaded, ids_reassigned: 0
2026-09-19 04:12:32.231: [INFO] BookmarksLoadDropped droppedNodes=0
2026-09-19 04:12:32.231: [INFO] BookmarksSnapshot Startup total=0 bar=0 other=0 mobile=0 showBar=0 showBarNTP=1
2026-09-19 04:12:35.640: [INFO] BookmarksSnapshot Shutdown total=0 bar=0 other=0 mobile=0 showBar=0 showBarNTP=1
2026-09-19 04:12:40.404: [INFO] CurrentProfilePath: D:\Algo Trading Microservice Application\AlgoTrading springboot workspace\.metadata\.plugins\org.eclipse.swt\EBWebView\Default
2026-09-19 04:12:40.404: [INFO] Profiles total count: 1
2026-09-19 04:12:40.404: [INFO] Profile: name=Profile 1 path=D:\Algo Trading Microservice Application\AlgoTrading springboot workspace\.metadata\.plugins\org.eclipse.swt\EBWebView\Default lastActive=2026-09-18T18:37:59.417Z
2026-09-19 04:12:40.404: [INFO] LastUsedProfileDir: D:\Algo Trading Microservice Application\AlgoTrading springboot workspace\.metadata\.plugins\org.eclipse.swt\EBWebView\Default
2026-09-19 04:12:40.404: [INFO] MostRecentlyActiveProfile: name=Profile 1 path=D:\Algo Trading Microservice Application\AlgoTrading springboot workspace\.metadata\.plugins\org.eclipse.swt\EBWebView\Default lastActive=2026-09-18T18:37:59.417Z
2026-09-19 04:12:40.404: [INFO] OnDoneLoading sync enabled: 0
2026-09-19 04:12:40.404: [INFO] BookmarkModelLoaded, ids_reassigned: 0
2026-09-19 04:12:40.404: [INFO] BookmarksLoadDropped droppedNodes=0
2026-09-19 04:12:40.404: [INFO] BookmarksSnapshot Startup total=0 bar=0 other=0 mobile=0 showBar=0 showBarNTP=1
2026-09-19 04:12:51.149: [INFO] BookmarksSnapshot Shutdown total=0 bar=0 other=0 mobile=0 showBar=0 showBarNTP=1
2026-09-19 04:13:06.911: [INFO] CurrentProfilePath: D:\Algo Trading Microservice Application\AlgoTrading springboot workspace\.metadata\.plugins\org.eclipse.swt\EBWebView\Default
2026-09-19 04:13:06.911: [INFO] Profiles total count: 1
2026-09-19 04:13:06.911: [INFO] Profile: name=Profile 1 path=D:\Algo Trading Microservice Application\AlgoTrading springboot workspace\.metadata\.plugins\org.eclipse.swt\EBWebView\Default lastActive=2026-09-18T18:37:59.417Z
2026-09-19 04:13:06.911: [INFO] LastUsedProfileDir: D:\Algo Trading Microservice Application\AlgoTrading springboot workspace\.metadata\.plugins\org.eclipse.swt\EBWebView\Default
2026-09-19 04:13:06.911: [INFO] MostRecentlyActiveProfile: name=Profile 1 path=D:\Algo Trading Microservice Application\AlgoTrading springboot workspace\.metadata\.plugins\org.eclipse.swt\EBWebView\Default lastActive=2026-09-18T18:37:59.417Z
2026-09-19 04:13:06.911: [INFO] OnDoneLoading sync enabled: 0
2026-09-19 04:13:06.911: [INFO] BookmarkModelLoaded, ids_reassigned: 0
2026-09-19 04:13:06.911: [INFO] BookmarksLoadDropped droppedNodes=0
2026-09-19 04:13:06.911: [INFO] BookmarksSnapshot Startup total=0 bar=0 other=0 mobile=0 showBar=0 showBarNTP=1
2026-09-19 04:15:07.196: [INFO] BookmarksSnapshot Shutdown total=0 bar=0 other=0 mobile=0 showBar=0 showBarNTP=1
2026-09-19 04:16:19.128: [INFO] CurrentProfilePath: D:\Algo Trading Microservice Application\AlgoTrading springboot workspace\.metadata\.plugins\org.eclipse.swt\EBWebView\Default
2026-09-19 04:16:19.128: [INFO] Profiles total count: 1
2026-09-19 04:16:19.128: [INFO] Profile: name=Profile 1 path=D:\Algo Trading Microservice Application\AlgoTrading springboot workspace\.metadata\.plugins\org.eclipse.swt\EBWebView\Default lastActive=2026-09-18T18:37:59.417Z
2026-09-19 04:16:19.128: [INFO] LastUsedProfileDir: D:\Algo Trading Microservice Application\AlgoTrading springboot workspace\.metadata\.plugins\org.eclipse.swt\EBWebView\Default
2026-09-19 04:16:19.128: [INFO] MostRecentlyActiveProfile: name=Profile 1 path=D:\Algo Trading Microservice Application\AlgoTrading springboot workspace\.metadata\.plugins\org.eclipse.swt\EBWebView\Default lastActive=2026-09-18T18:37:59.417Z
2026-09-19 04:16:19.128: [INFO] OnDoneLoading sync enabled: 0
2026-09-19 04:16:19.128: [INFO] BookmarkModelLoaded, ids_reassigned: 0
2026-09-19 04:16:19.128: [INFO] BookmarksLoadDropped droppedNodes=0
2026-09-19 04:16:19.128: [INFO] BookmarksSnapshot Startup total=0 bar=0 other=0 mobile=0 showBar=0 showBarNTP=1
2026-09-19 04:16:22.330: [INFO] BookmarksSnapshot Shutdown total=0 bar=0 other=0 mobile=0 showBar=0 showBarNTP=1
2026-09-19 04:17:24.140: [INFO] CurrentProfilePath: D:\Algo Trading Microservice Application\AlgoTrading springboot workspace\.metadata\.plugins\org.eclipse.swt\EBWebView\Default
2026-09-19 04:17:24.140: [INFO] Profiles total count: 1
2026-09-19 04:17:24.142: [INFO] Profile: name=Profile 1 path=D:\Algo Trading Microservice Application\AlgoTrading springboot workspace\.metadata\.plugins\org.eclipse.swt\EBWebView\Default lastActive=2026-09-18T18:37:59.417Z
2026-09-19 04:17:24.142: [INFO] LastUsedProfileDir: D:\Algo Trading Microservice Application\AlgoTrading springboot workspace\.metadata\.plugins\org.eclipse.swt\EBWebView\Default
2026-09-19 04:17:24.142: [INFO] MostRecentlyActiveProfile: name=Profile 1 path=D:\Algo Trading Microservice Application\AlgoTrading springboot workspace\.metadata\.plugins\org.eclipse.swt\EBWebView\Default lastActive=2026-09-18T18:37:59.417Z
2026-09-19 04:17:24.142: [INFO] OnDoneLoading sync enabled: 0
2026-09-19 04:17:24.142: [INFO] BookmarkModelLoaded, ids_reassigned: 0
2026-09-19 04:17:24.142: [INFO] BookmarksLoadDropped droppedNodes=0
2026-09-19 04:17:24.142: [INFO] BookmarksSnapshot Startup total=0 bar=0 other=0 mobile=0 showBar=0 showBarNTP=1
2026-09-19 04:17:49.010: [INFO] BookmarksSnapshot Shutdown total=0 bar=0 other=0 mobile=0 showBar=0 showBarNTP=1
2026-09-19 04:20:37.315: [INFO] CurrentProfilePath: D:\Algo Trading Microservice Application\AlgoTrading springboot workspace\.metadata\.plugins\org.eclipse.swt\EBWebView\Default
2026-09-19 04:20:37.315: [INFO] Profiles total count: 1
2026-09-19 04:20:37.315: [INFO] Profile: name=Profile 1 path=D:\Algo Trading Microservice Application\AlgoTrading springboot workspace\.metadata\.plugins\org.eclipse.swt\EBWebView\Default lastActive=2026-09-18T18:37:59.417Z
2026-09-19 04:20:37.315: [INFO] LastUsedProfileDir: D:\Algo Trading Microservice Application\AlgoTrading springboot workspace\.metadata\.plugins\org.eclipse.swt\EBWebView\Default
2026-09-19 04:20:37.315: [INFO] MostRecentlyActiveProfile: name=Profile 1 path=D:\Algo Trading Microservice Application\AlgoTrading springboot workspace\.metadata\.plugins\org.eclipse.swt\EBWebView\Default lastActive=2026-09-18T18:37:59.417Z
2026-09-19 04:20:37.315: [INFO] OnDoneLoading sync enabled: 0
2026-09-19 04:20:37.315: [INFO] BookmarkModelLoaded, ids_reassigned: 0
2026-09-19 04:20:37.315: [INFO] BookmarksLoadDropped droppedNodes=0
2026-09-19 04:20:37.315: [INFO] BookmarksSnapshot Startup total=0 bar=0 other=0 mobile=0 showBar=0 showBarNTP=1
2026-09-19 04:20:46.626: [INFO] BookmarksSnapshot Shutdown total=0 bar=0 other=0 mobile=0 showBar=0 showBarNTP=1
2026-09-19 04:21:26.851: [INFO] CurrentProfilePath: D:\Algo Trading Microservice Application\AlgoTrading springboot workspace\.metadata\.plugins\org.eclipse.swt\EBWebView\Default
2026-09-19 04:21:26.851: [INFO] Profiles total count: 1
2026-09-19 04:21:26.852: [INFO] Profile: name=Profile 1 path=D:\Algo Trading Microservice Application\AlgoTrading springboot workspace\.metadata\.plugins\org.eclipse.swt\EBWebView\Default lastActive=2026-09-18T18:37:59.417Z
2026-09-19 04:21:26.852: [INFO] LastUsedProfileDir: D:\Algo Trading Microservice Application\AlgoTrading springboot workspace\.metadata\.plugins\org.eclipse.swt\EBWebView\Default
2026-09-19 04:21:26.852: [INFO] MostRecentlyActiveProfile: name=Profile 1 path=D:\Algo Trading Microservice Application\AlgoTrading springboot workspace\.metadata\.plugins\org.eclipse.swt\EBWebView\Default lastActive=2026-09-18T18:37:59.417Z
2026-09-19 04:21:26.852: [INFO] OnDoneLoading sync enabled: 0
2026-09-19 04:21:26.852: [INFO] BookmarkModelLoaded, ids_reassigned: 0
2026-09-19 04:21:26.852: [INFO] BookmarksLoadDropped droppedNodes=0
2026-09-19 04:21:26.852: [INFO] BookmarksSnapshot Startup total=0 bar=0 other=0 mobile=0 showBar=0 showBarNTP=1
2026-09-19 09:06:48.746: [INFO] BookmarksSnapshot Shutdown total=0 bar=0 other=0 mobile=0 showBar=0 showBarNTP=1
2026-09-19 13:10:17.820: [INFO] CurrentProfilePath: D:\Algo Trading Microservice Application\AlgoTrading springboot workspace\.metadata\.plugins\org.eclipse.swt\EBWebView\Default
2026-09-19 13:10:17.820: [INFO] Profiles total count: 1
2026-09-19 13:10:17.820: [INFO] Profile: name=Profile 1 path=D:\Algo Trading Microservice Application\AlgoTrading springboot workspace\.metadata\.plugins\org.eclipse.swt\EBWebView\Default lastActive=2026-09-18T18:37:59.417Z
2026-09-19 13:10:17.820: [INFO] LastUsedProfileDir: D:\Algo Trading Microservice Application\AlgoTrading springboot workspace\.metadata\.plugins\org.eclipse.swt\EBWebView\Default
2026-09-19 13:10:17.820: [INFO] MostRecentlyActiveProfile: name=Profile 1 path=D:\Algo Trading Microservice Application\AlgoTrading springboot workspace\.metadata\.plugins\org.eclipse.swt\EBWebView\Default lastActive=2026-09-18T18:37:59.417Z
2026-09-19 13:10:17.820: [INFO] OnDoneLoading sync enabled: 0
2026-09-19 13:10:17.820: [INFO] BookmarkModelLoaded, ids_reassigned: 0
2026-09-19 13:10:17.820: [INFO] BookmarksLoadDropped droppedNodes=0
2026-09-19 13:10:17.820: [INFO] BookmarksSnapshot Startup total=0 bar=0 other=0 mobile=0 showBar=0 showBarNTP=1
2026-09-19 13:10:30.253: [INFO] BookmarksSnapshot Shutdown total=0 bar=0 other=0 mobile=0 showBar=0 showBarNTP=1
2026-09-19 13:10:46.911: [INFO] CurrentProfilePath: D:\Algo Trading Microservice Application\AlgoTrading springboot workspace\.metadata\.plugins\org.eclipse.swt\EBWebView\Default
2026-09-19 13:10:46.911: [INFO] Profiles total count: 1
2026-09-19 13:10:46.911: [INFO] Profile: name=Profile 1 path=D:\Algo Trading Microservice Application\AlgoTrading springboot workspace\.metadata\.plugins\org.eclipse.swt\EBWebView\Default lastActive=2026-09-18T18:37:59.417Z
2026-09-19 13:10:46.911: [INFO] LastUsedProfileDir: D:\Algo Trading Microservice Application\AlgoTrading springboot workspace\.metadata\.plugins\org.eclipse.swt\EBWebView\Default
2026-09-19 13:10:46.911: [INFO] MostRecentlyActiveProfile: name=Profile 1 path=D:\Algo Trading Microservice Application\AlgoTrading springboot workspace\.metadata\.plugins\org.eclipse.swt\EBWebView\Default lastActive=2026-09-18T18:37:59.417Z
2026-09-19 13:10:46.911: [INFO] OnDoneLoading sync enabled: 0
2026-09-19 13:10:46.911: [INFO] BookmarkModelLoaded, ids_reassigned: 0
2026-09-19 13:10:46.911: [INFO] BookmarksLoadDropped droppedNodes=0
2026-09-19 13:10:46.911: [INFO] BookmarksSnapshot Startup total=0 bar=0 other=0 mobile=0 showBar=0 showBarNTP=1
2026-09-19 13:10:50.527: [INFO] BookmarksSnapshot Shutdown total=0 bar=0 other=0 mobile=0 showBar=0 showBarNTP=1
2026-09-19 13:18:12.808: [INFO] CurrentProfilePath: D:\Algo Trading Microservice Application\AlgoTrading springboot workspace\.metadata\.plugins\org.eclipse.swt\EBWebView\Default
2026-09-19 13:18:12.808: [INFO] Profiles total count: 1
2026-09-19 13:18:12.808: [INFO] Profile: name=Profile 1 path=D:\Algo Trading Microservice Application\AlgoTrading springboot workspace\.metadata\.plugins\org.eclipse.swt\EBWebView\Default lastActive=2026-09-18T18:37:59.417Z
2026-09-19 13:18:12.808: [INFO] LastUsedProfileDir: D:\Algo Trading Microservice Application\AlgoTrading springboot workspace\.metadata\.plugins\org.eclipse.swt\EBWebView\Default
2026-09-19 13:18:12.808: [INFO] MostRecentlyActiveProfile: name=Profile 1 path=D:\Algo Trading Microservice Application\AlgoTrading springboot workspace\.metadata\.plugins\org.eclipse.swt\EBWebView\Default lastActive=2026-09-18T18:37:59.417Z
2026-09-19 13:18:12.808: [INFO] OnDoneLoading sync enabled: 0
2026-09-19 13:18:12.808: [INFO] BookmarkModelLoaded, ids_reassigned: 0
2026-09-19 13:18:12.808: [INFO] BookmarksLoadDropped droppedNodes=0
2026-09-19 13:18:12.808: [INFO] BookmarksSnapshot Startup total=0 bar=0 other=0 mobile=0 showBar=0 showBarNTP=1
2026-09-19 13:22:49.288: [INFO] BookmarksSnapshot Shutdown total=0 bar=0 other=0 mobile=0 showBar=0 showBarNTP=1
2026-09-19 13:23:26.538: [INFO] CurrentProfilePath: D:\Algo Trading Microservice Application\AlgoTrading springboot workspace\.metadata\.plugins\org.eclipse.swt\EBWebView\Default
2026-09-19 13:23:26.538: [INFO] Profiles total count: 1
2026-09-19 13:23:26.539: [INFO] Profile: name=Profile 1 path=D:\Algo Trading Microservice Application\AlgoTrading springboot workspace\.metadata\.plugins\org.eclipse.swt\EBWebView\Default lastActive=2026-09-18T18:37:59.417Z
2026-09-19 13:23:26.539: [INFO] LastUsedProfileDir: D:\Algo Trading Microservice Application\AlgoTrading springboot workspace\.metadata\.plugins\org.eclipse.swt\EBWebView\Default
2026-09-19 13:23:26.539: [INFO] MostRecentlyActiveProfile: name=Profile 1 path=D:\Algo Trading Microservice Application\AlgoTrading springboot workspace\.metadata\.plugins\org.eclipse.swt\EBWebView\Default lastActive=2026-09-18T18:37:59.417Z
2026-09-19 13:23:26.539: [INFO] OnDoneLoading sync enabled: 0
2026-09-19 13:23:26.539: [INFO] BookmarkModelLoaded, ids_reassigned: 0
2026-09-19 13:23:26.539: [INFO] BookmarksLoadDropped droppedNodes=0
2026-09-19 13:23:26.539: [INFO] BookmarksSnapshot Startup total=0 bar=0 other=0 mobile=0 showBar=0 showBarNTP=1
2026-09-19 13:23:44.925: [INFO] BookmarksSnapshot Shutdown total=0 bar=0 other=0 mobile=0 showBar=0 showBarNTP=1
2026-09-19 13:26:47.739: [INFO] CurrentProfilePath: D:\Algo Trading Microservice Application\AlgoTrading springboot workspace\.metadata\.plugins\org.eclipse.swt\EBWebView\Default
2026-09-19 13:26:47.739: [INFO] Profiles total count: 1
2026-09-19 13:26:47.742: [INFO] Profile: name=Profile 1 path=D:\Algo Trading Microservice Application\AlgoTrading springboot workspace\.metadata\.plugins\org.eclipse.swt\EBWebView\Default lastActive=2026-09-18T18:37:59.417Z
2026-09-19 13:26:47.742: [INFO] LastUsedProfileDir: D:\Algo Trading Microservice Application\AlgoTrading springboot workspace\.metadata\.plugins\org.eclipse.swt\EBWebView\Default
2026-09-19 13:26:47.742: [INFO] MostRecentlyActiveProfile: name=Profile 1 path=D:\Algo Trading Microservice Application\AlgoTrading springboot workspace\.metadata\.plugins\org.eclipse.swt\EBWebView\Default lastActive=2026-09-18T18:37:59.417Z
2026-09-19 13:26:47.742: [INFO] OnDoneLoading sync enabled: 0
2026-09-19 13:26:47.742: [INFO] BookmarkModelLoaded, ids_reassigned: 0
2026-09-19 13:26:47.742: [INFO] BookmarksLoadDropped droppedNodes=0
2026-09-19 13:26:47.742: [INFO] BookmarksSnapshot Startup total=0 bar=0 other=0 mobile=0 showBar=0 showBarNTP=1
2026-09-19 19:00:28.971: [INFO] BookmarksSnapshot Shutdown total=0 bar=0 other=0 mobile=0 showBar=0 showBarNTP=1
2026-09-19 19:03:01.054: [INFO] CurrentProfilePath: D:\Algo Trading Microservice Application\AlgoTrading springboot workspace\.metadata\.plugins\org.eclipse.swt\EBWebView\Default
2026-09-19 19:03:01.054: [INFO] Profiles total count: 1
2026-09-19 19:03:01.054: [INFO] Profile: name=Profile 1 path=D:\Algo Trading Microservice Application\AlgoTrading springboot workspace\.metadata\.plugins\org.eclipse.swt\EBWebView\Default lastActive=2026-09-19T18:12:19.257Z
2026-09-19 19:03:01.054: [INFO] LastUsedProfileDir: D:\Algo Trading Microservice Application\AlgoTrading springboot workspace\.metadata\.plugins\org.eclipse.swt\EBWebView\Default
2026-09-19 19:03:01.054: [INFO] MostRecentlyActiveProfile: name=Profile 1 path=D:\Algo Trading Microservice Application\AlgoTrading springboot workspace\.metadata\.plugins\org.eclipse.swt\EBWebView\Default lastActive=2026-09-19T18:12:19.257Z
2026-09-19 19:03:01.054: [INFO] OnDoneLoading sync enabled: 0
2026-09-19 19:03:01.054: [INFO] BookmarkModelLoaded, ids_reassigned: 0
2026-09-19 19:03:01.054: [INFO] BookmarksLoadDropped droppedNodes=0
2026-09-19 19:03:01.054: [INFO] BookmarksSnapshot Startup total=0 bar=0 other=0 mobile=0 showBar=0 showBarNTP=1
2026-09-19 19:04:14.849: [INFO] BookmarksSnapshot Shutdown total=0 bar=0 other=0 mobile=0 showBar=0 showBarNTP=1
2026-09-19 19:05:10.387: [INFO] CurrentProfilePath: D:\Algo Trading Microservice Application\AlgoTrading springboot workspace\.metadata\.plugins\org.eclipse.swt\EBWebView\Default
2026-09-19 19:05:10.387: [INFO] Profiles total count: 1
2026-09-19 19:05:10.387: [INFO] Profile: name=Profile 1 path=D:\Algo Trading Microservice Application\AlgoTrading springboot workspace\.metadata\.plugins\org.eclipse.swt\EBWebView\Default lastActive=2026-09-19T18:12:19.257Z
2026-09-19 19:05:10.387: [INFO] LastUsedProfileDir: D:\Algo Trading Microservice Application\AlgoTrading springboot workspace\.metadata\.plugins\org.eclipse.swt\EBWebView\Default
2026-09-19 19:05:10.388: [INFO] MostRecentlyActiveProfile: name=Profile 1 path=D:\Algo Trading Microservice Application\AlgoTrading springboot workspace\.metadata\.plugins\org.eclipse.swt\EBWebView\Default lastActive=2026-09-19T18:12:19.257Z
2026-09-19 19:05:10.388: [INFO] OnDoneLoading sync enabled: 0
2026-09-19 19:05:10.388: [INFO] BookmarkModelLoaded, ids_reassigned: 0
2026-09-19 19:05:10.388: [INFO] BookmarksLoadDropped droppedNodes=0
2026-09-19 19:05:10.388: [INFO] BookmarksSnapshot Startup total=0 bar=0 other=0 mobile=0 showBar=0 showBarNTP=1
2026-09-19 19:05:56.456: [INFO] CurrentProfilePath: D:\Algo Trading Microservice Application\AlgoTrading springboot workspace\.metadata\.plugins\org.eclipse.swt\EBWebView\Default
2026-09-19 19:05:56.456: [INFO] Profiles total count: 1
2026-09-19 19:05:56.457: [INFO] Profile: name=Profile 1 path=D:\Algo Trading Microservice Application\AlgoTrading springboot workspace\.metadata\.plugins\org.eclipse.swt\EBWebView\Default lastActive=2026-09-19T18:12:19.257Z
2026-09-19 19:05:56.457: [INFO] LastUsedProfileDir: D:\Algo Trading Microservice Application\AlgoTrading springboot workspace\.metadata\.plugins\org.eclipse.swt\EBWebView\Default
2026-09-19 19:05:56.457: [INFO] MostRecentlyActiveProfile: name=Profile 1 path=D:\Algo Trading Microservice Application\AlgoTrading springboot workspace\.metadata\.plugins\org.eclipse.swt\EBWebView\Default lastActive=2026-09-19T18:12:19.257Z
2026-09-19 19:05:56.457: [INFO] OnDoneLoading sync enabled: 0
2026-09-19 19:05:56.457: [INFO] BookmarkModelLoaded, ids_reassigned: 0
2026-09-19 19:05:56.457: [INFO] BookmarksLoadDropped droppedNodes=0
2026-09-19 19:05:56.457: [INFO] BookmarksSnapshot Startup total=0 bar=0 other=0 mobile=0 showBar=0 showBarNTP=1
2026-09-19 19:06:05.465: [INFO] BookmarksSnapshot Shutdown total=0 bar=0 other=0 mobile=0 showBar=0 showBarNTP=1
2026-09-19 19:09:40.478: [INFO] CurrentProfilePath: D:\Algo Trading Microservice Application\AlgoTrading springboot workspace\.metadata\.plugins\org.eclipse.swt\EBWebView\Default
2026-09-19 19:09:40.478: [INFO] Profiles total count: 1
2026-09-19 19:09:40.479: [INFO] Profile: name=Profile 1 path=D:\Algo Trading Microservice Application\AlgoTrading springboot workspace\.metadata\.plugins\org.eclipse.swt\EBWebView\Default lastActive=2026-09-19T18:12:19.257Z
2026-09-19 19:09:40.479: [INFO] LastUsedProfileDir: D:\Algo Trading Microservice Application\AlgoTrading springboot workspace\.metadata\.plugins\org.eclipse.swt\EBWebView\Default
2026-09-19 19:09:40.479: [INFO] MostRecentlyActiveProfile: name=Profile 1 path=D:\Algo Trading Microservice Application\AlgoTrading springboot workspace\.metadata\.plugins\org.eclipse.swt\EBWebView\Default lastActive=2026-09-19T18:12:19.257Z
2026-09-19 19:09:40.479: [INFO] OnDoneLoading sync enabled: 0
2026-09-19 19:09:40.479: [INFO] BookmarkModelLoaded, ids_reassigned: 0
2026-09-19 19:09:40.479: [INFO] BookmarksLoadDropped droppedNodes=0
2026-09-19 19:09:40.479: [INFO] BookmarksSnapshot Startup total=0 bar=0 other=0 mobile=0 showBar=0 showBarNTP=1
2026-09-19 20:55:33.170: [INFO] BookmarksSnapshot Shutdown total=0 bar=0 other=0 mobile=0 showBar=0 showBarNTP=1
2026-09-20 04:56:50.415: [INFO] CurrentProfilePath: D:\Algo Trading Microservice Application\AlgoTrading springboot workspace\.metadata\.plugins\org.eclipse.swt\EBWebView\Default
2026-09-20 04:56:50.415: [INFO] Profiles total count: 1
2026-09-20 04:56:50.415: [INFO] Profile: name=Profile 1 path=D:\Algo Trading Microservice Application\AlgoTrading springboot workspace\.metadata\.plugins\org.eclipse.swt\EBWebView\Default lastActive=2026-09-19T20:38:13.658Z
2026-09-20 04:56:50.415: [INFO] LastUsedProfileDir: D:\Algo Trading Microservice Application\AlgoTrading springboot workspace\.metadata\.plugins\org.eclipse.swt\EBWebView\Default
2026-09-20 04:56:50.415: [INFO] MostRecentlyActiveProfile: name=Profile 1 path=D:\Algo Trading Microservice Application\AlgoTrading springboot workspace\.metadata\.plugins\org.eclipse.swt\EBWebView\Default lastActive=2026-09-19T20:38:13.658Z
2026-09-20 04:56:50.415: [INFO] OnDoneLoading sync enabled: 0
2026-09-20 04:56:50.415: [INFO] BookmarkModelLoaded, ids_reassigned: 0
2026-09-20 04:56:50.415: [INFO] BookmarksLoadDropped droppedNodes=0
2026-09-20 04:56:50.415: [INFO] BookmarksSnapshot Startup total=0 bar=0 other=0 mobile=0 showBar=0 showBarNTP=1
2026-09-20 10:58:55.771: [INFO] BookmarksSnapshot Shutdown total=0 bar=0 other=0 mobile=0 showBar=0 showBarNTP=1
2026-09-20 11:09:14.134: [INFO] CurrentProfilePath: D:\Algo Trading Microservice Application\AlgoTrading springboot workspace\.metadata\.plugins\org.eclipse.swt\EBWebView\Default
2026-09-20 11:09:14.134: [INFO] Profiles total count: 1
2026-09-20 11:09:14.135: [INFO] Profile: name=Profile 1 path=D:\Algo Trading Microservice Application\AlgoTrading springboot workspace\.metadata\.plugins\org.eclipse.swt\EBWebView\Default lastActive=2026-09-19T20:38:13.658Z
2026-09-20 11:09:14.135: [INFO] LastUsedProfileDir: D:\Algo Trading Microservice Application\AlgoTrading springboot workspace\.metadata\.plugins\org.eclipse.swt\EBWebView\Default
2026-09-20 11:09:14.135: [INFO] MostRecentlyActiveProfile: name=Profile 1 path=D:\Algo Trading Microservice Application\AlgoTrading springboot workspace\.metadata\.plugins\org.eclipse.swt\EBWebView\Default lastActive=2026-09-19T20:38:13.658Z
2026-09-20 11:09:14.135: [INFO] OnDoneLoading sync enabled: 0
2026-09-20 11:09:14.135: [INFO] BookmarkModelLoaded, ids_reassigned: 0
2026-09-20 11:09:14.135: [INFO] BookmarksLoadDropped droppedNodes=0
2026-09-20 11:09:14.135: [INFO] BookmarksSnapshot Startup total=0 bar=0 other=0 mobile=0 showBar=0 showBarNTP=1
2026-09-20 19:38:55.712: [INFO] BookmarksSnapshot Shutdown total=0 bar=0 other=0 mobile=0 showBar=0 showBarNTP=1
2026-09-22 17:21:21.107: [INFO] CurrentProfilePath: D:\Algo Trading Microservice Application\AlgoTrading springboot workspace\.metadata\.plugins\org.eclipse.swt\EBWebView\Default
2026-09-22 17:21:21.107: [INFO] Profiles total count: 1
2026-09-22 17:21:21.107: [INFO] Profile: name=Profile 1 path=D:\Algo Trading Microservice Application\AlgoTrading springboot workspace\.metadata\.plugins\org.eclipse.swt\EBWebView\Default lastActive=2026-09-20T13:18:42.947Z
2026-09-22 17:21:21.107: [INFO] LastUsedProfileDir: D:\Algo Trading Microservice Application\AlgoTrading springboot workspace\.metadata\.plugins\org.eclipse.swt\EBWebView\Default
2026-09-22 17:21:21.107: [INFO] MostRecentlyActiveProfile: name=Profile 1 path=D:\Algo Trading Microservice Application\AlgoTrading springboot workspace\.metadata\.plugins\org.eclipse.swt\EBWebView\Default lastActive=2026-09-20T13:18:42.947Z
2026-09-22 17:21:21.107: [INFO] OnDoneLoading sync enabled: 0
2026-09-22 17:21:21.107: [INFO] BookmarkModelLoaded, ids_reassigned: 0
2026-09-22 17:21:21.107: [INFO] BookmarksLoadDropped droppedNodes=0
2026-09-22 17:21:21.107: [INFO] BookmarksSnapshot Startup total=0 bar=0 other=0 mobile=0 showBar=0 showBarNTP=1
2026-09-22 17:21:35.132: [INFO] BookmarksSnapshot Shutdown total=0 bar=0 other=0 mobile=0 showBar=0 showBarNTP=1
2026-09-22 17:21:45.653: [INFO] CurrentProfilePath: D:\Algo Trading Microservice Application\AlgoTrading springboot workspace\.metadata\.plugins\org.eclipse.swt\EBWebView\Default
2026-09-22 17:21:45.653: [INFO] Profiles total count: 1
2026-09-22 17:21:45.653: [INFO] Profile: name=Profile 1 path=D:\Algo Trading Microservice Application\AlgoTrading springboot workspace\.metadata\.plugins\org.eclipse.swt\EBWebView\Default lastActive=2026-09-20T13:18:42.947Z
2026-09-22 17:21:45.653: [INFO] LastUsedProfileDir: D:\Algo Trading Microservice Application\AlgoTrading springboot workspace\.metadata\.plugins\org.eclipse.swt\EBWebView\Default
2026-09-22 17:21:45.653: [INFO] MostRecentlyActiveProfile: name=Profile 1 path=D:\Algo Trading Microservice Application\AlgoTrading springboot workspace\.metadata\.plugins\org.eclipse.swt\EBWebView\Default lastActive=2026-09-20T13:18:42.947Z
2026-09-22 17:21:45.653: [INFO] OnDoneLoading sync enabled: 0
2026-09-22 17:21:45.653: [INFO] BookmarkModelLoaded, ids_reassigned: 0
2026-09-22 17:21:45.653: [INFO] BookmarksLoadDropped droppedNodes=0
2026-09-22 17:21:45.653: [INFO] BookmarksSnapshot Startup total=0 bar=0 other=0 mobile=0 showBar=0 showBarNTP=1
2026-09-22 17:25:50.498: [INFO] BookmarksSnapshot Shutdown total=0 bar=0 other=0 mobile=0 showBar=0 showBarNTP=1
2026-09-22 17:26:28.932: [INFO] CurrentProfilePath: D:\Algo Trading Microservice Application\AlgoTrading springboot workspace\.metadata\.plugins\org.eclipse.swt\EBWebView\Default
2026-09-22 17:26:28.932: [INFO] Profiles total count: 1
2026-09-22 17:26:28.933: [INFO] Profile: name=Profile 1 path=D:\Algo Trading Microservice Application\AlgoTrading springboot workspace\.metadata\.plugins\org.eclipse.swt\EBWebView\Default lastActive=2026-09-20T13:18:42.947Z
2026-09-22 17:26:28.933: [INFO] LastUsedProfileDir: D:\Algo Trading Microservice Application\AlgoTrading springboot workspace\.metadata\.plugins\org.eclipse.swt\EBWebView\Default
2026-09-22 17:26:28.933: [INFO] MostRecentlyActiveProfile: name=Profile 1 path=D:\Algo Trading Microservice Application\AlgoTrading springboot workspace\.metadata\.plugins\org.eclipse.swt\EBWebView\Default lastActive=2026-09-20T13:18:42.947Z
2026-09-22 17:26:28.933: [INFO] OnDoneLoading sync enabled: 0
2026-09-22 17:26:28.933: [INFO] BookmarkModelLoaded, ids_reassigned: 0
2026-09-22 17:26:28.933: [INFO] BookmarksLoadDropped droppedNodes=0
2026-09-22 17:26:28.933: [INFO] BookmarksSnapshot Startup total=0 bar=0 other=0 mobile=0 showBar=0 showBarNTP=1
2026-09-22 17:26:33.982: [INFO] BookmarksSnapshot Shutdown total=0 bar=0 other=0 mobile=0 showBar=0 showBarNTP=1
2026-09-22 17:26:49.621: [INFO] CurrentProfilePath: D:\Algo Trading Microservice Application\AlgoTrading springboot workspace\.metadata\.plugins\org.eclipse.swt\EBWebView\Default
2026-09-22 17:26:49.621: [INFO] Profiles total count: 1
2026-09-22 17:26:49.621: [INFO] Profile: name=Profile 1 path=D:\Algo Trading Microservice Application\AlgoTrading springboot workspace\.metadata\.plugins\org.eclipse.swt\EBWebView\Default lastActive=2026-09-20T13:18:42.947Z
2026-09-22 17:26:49.621: [INFO] LastUsedProfileDir: D:\Algo Trading Microservice Application\AlgoTrading springboot workspace\.metadata\.plugins\org.eclipse.swt\EBWebView\Default
2026-09-22 17:26:49.621: [INFO] MostRecentlyActiveProfile: name=Profile 1 path=D:\Algo Trading Microservice Application\AlgoTrading springboot workspace\.metadata\.plugins\org.eclipse.swt\EBWebView\Default lastActive=2026-09-20T13:18:42.947Z
2026-09-22 17:26:49.621: [INFO] OnDoneLoading sync enabled: 0
2026-09-22 17:26:49.621: [INFO] BookmarkModelLoaded, ids_reassigned: 0
2026-09-22 17:26:49.621: [INFO] BookmarksLoadDropped droppedNodes=0
2026-09-22 17:26:49.621: [INFO] BookmarksSnapshot Startup total=0 bar=0 other=0 mobile=0 showBar=0 showBarNTP=1
2026-09-22 17:59:15.521: [INFO] BookmarksSnapshot Shutdown total=0 bar=0 other=0 mobile=0 showBar=0 showBarNTP=1
2026-09-22 17:59:37.470: [INFO] CurrentProfilePath: D:\Algo Trading Microservice Application\AlgoTrading springboot workspace\.metadata\.plugins\org.eclipse.swt\EBWebView\Default
2026-09-22 17:59:37.470: [INFO] Profiles total count: 1
2026-09-22 17:59:37.470: [INFO] Profile: name=Profile 1 path=D:\Algo Trading Microservice Application\AlgoTrading springboot workspace\.metadata\.plugins\org.eclipse.swt\EBWebView\Default lastActive=2026-09-20T13:18:42.947Z
2026-09-22 17:59:37.470: [INFO] LastUsedProfileDir: D:\Algo Trading Microservice Application\AlgoTrading springboot workspace\.metadata\.plugins\org.eclipse.swt\EBWebView\Default
2026-09-22 17:59:37.470: [INFO] MostRecentlyActiveProfile: name=Profile 1 path=D:\Algo Trading Microservice Application\AlgoTrading springboot workspace\.metadata\.plugins\org.eclipse.swt\EBWebView\Default lastActive=2026-09-20T13:18:42.947Z
2026-09-22 17:59:37.470: [INFO] OnDoneLoading sync enabled: 0
2026-09-22 17:59:37.470: [INFO] BookmarkModelLoaded, ids_reassigned: 0
2026-09-22 17:59:37.470: [INFO] BookmarksLoadDropped droppedNodes=0
2026-09-22 17:59:37.470: [INFO] BookmarksSnapshot Startup total=0 bar=0 other=0 mobile=0 showBar=0 showBarNTP=1
2026-09-22 17:59:52.099: [INFO] BookmarksSnapshot Shutdown total=0 bar=0 other=0 mobile=0 showBar=0 showBarNTP=1
2026-09-22 18:00:02.078: [INFO] CurrentProfilePath: D:\Algo Trading Microservice Application\AlgoTrading springboot workspace\.metadata\.plugins\org.eclipse.swt\EBWebView\Default
2026-09-22 18:00:02.078: [INFO] Profiles total count: 1
2026-09-22 18:00:02.078: [INFO] Profile: name=Profile 1 path=D:\Algo Trading Microservice Application\AlgoTrading springboot workspace\.metadata\.plugins\org.eclipse.swt\EBWebView\Default lastActive=2026-09-20T13:18:42.947Z
2026-09-22 18:00:02.078: [INFO] LastUsedProfileDir: D:\Algo Trading Microservice Application\AlgoTrading springboot workspace\.metadata\.plugins\org.eclipse.swt\EBWebView\Default
2026-09-22 18:00:02.078: [INFO] MostRecentlyActiveProfile: name=Profile 1 path=D:\Algo Trading Microservice Application\AlgoTrading springboot workspace\.metadata\.plugins\org.eclipse.swt\EBWebView\Default lastActive=2026-09-20T13:18:42.947Z
2026-09-22 18:00:02.079: [INFO] OnDoneLoading sync enabled: 0
2026-09-22 18:00:02.079: [INFO] BookmarkModelLoaded, ids_reassigned: 0
2026-09-22 18:00:02.079: [INFO] BookmarksLoadDropped droppedNodes=0
2026-09-22 18:00:02.079: [INFO] BookmarksSnapshot Startup total=0 bar=0 other=0 mobile=0 showBar=0 showBarNTP=1
2026-09-22 18:11:00.887: [INFO] BookmarksSnapshot Shutdown total=0 bar=0 other=0 mobile=0 showBar=0 showBarNTP=1
2026-09-22 18:11:37.288: [INFO] CurrentProfilePath: D:\Algo Trading Microservice Application\AlgoTrading springboot workspace\.metadata\.plugins\org.eclipse.swt\EBWebView\Default
2026-09-22 18:11:37.288: [INFO] Profiles total count: 1
2026-09-22 18:11:37.288: [INFO] Profile: name=Profile 1 path=D:\Algo Trading Microservice Application\AlgoTrading springboot workspace\.metadata\.plugins\org.eclipse.swt\EBWebView\Default lastActive=2026-09-20T13:18:42.947Z
2026-09-22 18:11:37.288: [INFO] LastUsedProfileDir: D:\Algo Trading Microservice Application\AlgoTrading springboot workspace\.metadata\.plugins\org.eclipse.swt\EBWebView\Default
2026-09-22 18:11:37.288: [INFO] MostRecentlyActiveProfile: name=Profile 1 path=D:\Algo Trading Microservice Application\AlgoTrading springboot workspace\.metadata\.plugins\org.eclipse.swt\EBWebView\Default lastActive=2026-09-20T13:18:42.947Z
2026-09-22 18:11:37.288: [INFO] OnDoneLoading sync enabled: 0
2026-09-22 18:11:37.288: [INFO] BookmarkModelLoaded, ids_reassigned: 0
2026-09-22 18:11:37.288: [INFO] BookmarksLoadDropped droppedNodes=0
2026-09-22 18:11:37.288: [INFO] BookmarksSnapshot Startup total=0 bar=0 other=0 mobile=0 showBar=0 showBarNTP=1
2026-09-22 18:11:40.443: [INFO] BookmarksSnapshot Shutdown total=0 bar=0 other=0 mobile=0 showBar=0 showBarNTP=1
2026-09-22 18:14:17.925: [INFO] CurrentProfilePath: D:\Algo Trading Microservice Application\AlgoTrading springboot workspace\.metadata\.plugins\org.eclipse.swt\EBWebView\Default
2026-09-22 18:14:17.925: [INFO] Profiles total count: 1
2026-09-22 18:14:17.926: [INFO] Profile: name=Profile 1 path=D:\Algo Trading Microservice Application\AlgoTrading springboot workspace\.metadata\.plugins\org.eclipse.swt\EBWebView\Default lastActive=2026-09-20T13:18:42.947Z
2026-09-22 18:14:17.926: [INFO] LastUsedProfileDir: D:\Algo Trading Microservice Application\AlgoTrading springboot workspace\.metadata\.plugins\org.eclipse.swt\EBWebView\Default
2026-09-22 18:14:17.926: [INFO] MostRecentlyActiveProfile: name=Profile 1 path=D:\Algo Trading Microservice Application\AlgoTrading springboot workspace\.metadata\.plugins\org.eclipse.swt\EBWebView\Default lastActive=2026-09-20T13:18:42.947Z
2026-09-22 18:14:17.926: [INFO] OnDoneLoading sync enabled: 0
2026-09-22 18:14:17.926: [INFO] BookmarkModelLoaded, ids_reassigned: 0
2026-09-22 18:14:17.926: [INFO] BookmarksLoadDropped droppedNodes=0
2026-09-22 18:14:17.926: [INFO] BookmarksSnapshot Startup total=0 bar=0 other=0 mobile=0 showBar=0 showBarNTP=1
2026-09-22 18:15:36.322: [INFO] BookmarksSnapshot Shutdown total=0 bar=0 other=0 mobile=0 showBar=0 showBarNTP=1
2026-09-22 18:16:04.371: [INFO] CurrentProfilePath: D:\Algo Trading Microservice Application\AlgoTrading springboot workspace\.metadata\.plugins\org.eclipse.swt\EBWebView\Default
2026-09-22 18:16:04.371: [INFO] Profiles total count: 1
2026-09-22 18:16:04.371: [INFO] Profile: name=Profile 1 path=D:\Algo Trading Microservice Application\AlgoTrading springboot workspace\.metadata\.plugins\org.eclipse.swt\EBWebView\Default lastActive=2026-09-20T13:18:42.947Z
2026-09-22 18:16:04.371: [INFO] LastUsedProfileDir: D:\Algo Trading Microservice Application\AlgoTrading springboot workspace\.metadata\.plugins\org.eclipse.swt\EBWebView\Default
2026-09-22 18:16:04.371: [INFO] MostRecentlyActiveProfile: name=Profile 1 path=D:\Algo Trading Microservice Application\AlgoTrading springboot workspace\.metadata\.plugins\org.eclipse.swt\EBWebView\Default lastActive=2026-09-20T13:18:42.947Z
2026-09-22 18:16:04.371: [INFO] OnDoneLoading sync enabled: 0
2026-09-22 18:16:04.371: [INFO] BookmarkModelLoaded, ids_reassigned: 0
2026-09-22 18:16:04.371: [INFO] BookmarksLoadDropped droppedNodes=0
2026-09-22 18:16:04.371: [INFO] BookmarksSnapshot Startup total=0 bar=0 other=0 mobile=0 showBar=0 showBarNTP=1
2026-09-22 18:16:09.379: [INFO] BookmarksSnapshot Shutdown total=0 bar=0 other=0 mobile=0 showBar=0 showBarNTP=1
2026-09-22 18:16:20.201: [INFO] CurrentProfilePath: D:\Algo Trading Microservice Application\AlgoTrading springboot workspace\.metadata\.plugins\org.eclipse.swt\EBWebView\Default
2026-09-22 18:16:20.201: [INFO] Profiles total count: 1
2026-09-22 18:16:20.201: [INFO] Profile: name=Profile 1 path=D:\Algo Trading Microservice Application\AlgoTrading springboot workspace\.metadata\.plugins\org.eclipse.swt\EBWebView\Default lastActive=2026-09-20T13:18:42.947Z
2026-09-22 18:16:20.201: [INFO] LastUsedProfileDir: D:\Algo Trading Microservice Application\AlgoTrading springboot workspace\.metadata\.plugins\org.eclipse.swt\EBWebView\Default
2026-09-22 18:16:20.201: [INFO] MostRecentlyActiveProfile: name=Profile 1 path=D:\Algo Trading Microservice Application\AlgoTrading springboot workspace\.metadata\.plugins\org.eclipse.swt\EBWebView\Default lastActive=2026-09-20T13:18:42.947Z
2026-09-22 18:16:20.201: [INFO] OnDoneLoading sync enabled: 0
2026-09-22 18:16:20.201: [INFO] BookmarkModelLoaded, ids_reassigned: 0
2026-09-22 18:16:20.201: [INFO] BookmarksLoadDropped droppedNodes=0
2026-09-22 18:16:20.201: [INFO] BookmarksSnapshot Startup total=0 bar=0 other=0 mobile=0 showBar=0 showBarNTP=1
2026-09-22 18:16:24.774: [INFO] BookmarksSnapshot Shutdown total=0 bar=0 other=0 mobile=0 showBar=0 showBarNTP=1
2026-09-22 18:16:34.123: [INFO] CurrentProfilePath: D:\Algo Trading Microservice Application\AlgoTrading springboot workspace\.metadata\.plugins\org.eclipse.swt\EBWebView\Default
2026-09-22 18:16:34.123: [INFO] Profiles total count: 1
2026-09-22 18:16:34.123: [INFO] Profile: name=Profile 1 path=D:\Algo Trading Microservice Application\AlgoTrading springboot workspace\.metadata\.plugins\org.eclipse.swt\EBWebView\Default lastActive=2026-09-20T13:18:42.947Z
2026-09-22 18:16:34.123: [INFO] LastUsedProfileDir: D:\Algo Trading Microservice Application\AlgoTrading springboot workspace\.metadata\.plugins\org.eclipse.swt\EBWebView\Default
2026-09-22 18:16:34.123: [INFO] MostRecentlyActiveProfile: name=Profile 1 path=D:\Algo Trading Microservice Application\AlgoTrading springboot workspace\.metadata\.plugins\org.eclipse.swt\EBWebView\Default lastActive=2026-09-20T13:18:42.947Z
2026-09-22 18:16:34.123: [INFO] OnDoneLoading sync enabled: 0
2026-09-22 18:16:34.123: [INFO] BookmarkModelLoaded, ids_reassigned: 0
2026-09-22 18:16:34.123: [INFO] BookmarksLoadDropped droppedNodes=0
2026-09-22 18:16:34.123: [INFO] BookmarksSnapshot Startup total=0 bar=0 other=0 mobile=0 showBar=0 showBarNTP=1
2026-09-22 18:16:58.152: [INFO] BookmarksSnapshot Shutdown total=0 bar=0 other=0 mobile=0 showBar=0 showBarNTP=1
2026-09-22 18:18:32.021: [INFO] CurrentProfilePath: D:\Algo Trading Microservice Application\AlgoTrading springboot workspace\.metadata\.plugins\org.eclipse.swt\EBWebView\Default
2026-09-22 18:18:32.021: [INFO] Profiles total count: 1
2026-09-22 18:18:32.022: [INFO] Profile: name=Profile 1 path=D:\Algo Trading Microservice Application\AlgoTrading springboot workspace\.metadata\.plugins\org.eclipse.swt\EBWebView\Default lastActive=2026-09-20T13:18:42.947Z
2026-09-22 18:18:32.022: [INFO] LastUsedProfileDir: D:\Algo Trading Microservice Application\AlgoTrading springboot workspace\.metadata\.plugins\org.eclipse.swt\EBWebView\Default
2026-09-22 18:18:32.022: [INFO] MostRecentlyActiveProfile: name=Profile 1 path=D:\Algo Trading Microservice Application\AlgoTrading springboot workspace\.metadata\.plugins\org.eclipse.swt\EBWebView\Default lastActive=2026-09-20T13:18:42.947Z
2026-09-22 18:18:32.022: [INFO] OnDoneLoading sync enabled: 0
2026-09-22 18:18:32.022: [INFO] BookmarkModelLoaded, ids_reassigned: 0
2026-09-22 18:18:32.022: [INFO] BookmarksLoadDropped droppedNodes=0
2026-09-22 18:18:32.022: [INFO] BookmarksSnapshot Startup total=0 bar=0 other=0 mobile=0 showBar=0 showBarNTP=1
2026-09-22 19:31:33.906: [INFO] BookmarksSnapshot Shutdown total=0 bar=0 other=0 mobile=0 showBar=0 showBarNTP=1
2026-09-23 17:16:38.226: [INFO] CurrentProfilePath: D:\Algo Trading Microservice Application\AlgoTrading springboot workspace\.metadata\.plugins\org.eclipse.swt\EBWebView\Default
2026-09-23 17:16:38.226: [INFO] Profiles total count: 1
2026-09-23 17:16:38.227: [INFO] Profile: name=Profile 1 path=D:\Algo Trading Microservice Application\AlgoTrading springboot workspace\.metadata\.plugins\org.eclipse.swt\EBWebView\Default lastActive=2026-09-22T18:41:52.217Z
2026-09-23 17:16:38.227: [INFO] LastUsedProfileDir: D:\Algo Trading Microservice Application\AlgoTrading springboot workspace\.metadata\.plugins\org.eclipse.swt\EBWebView\Default
2026-09-23 17:16:38.227: [INFO] MostRecentlyActiveProfile: name=Profile 1 path=D:\Algo Trading Microservice Application\AlgoTrading springboot workspace\.metadata\.plugins\org.eclipse.swt\EBWebView\Default lastActive=2026-09-22T18:41:52.217Z
2026-09-23 17:16:38.227: [INFO] OnDoneLoading sync enabled: 0
2026-09-23 17:16:38.227: [INFO] BookmarkModelLoaded, ids_reassigned: 0
2026-09-23 17:16:38.227: [INFO] BookmarksLoadDropped droppedNodes=0
2026-09-23 17:16:38.227: [INFO] BookmarksSnapshot Startup total=0 bar=0 other=0 mobile=0 showBar=0 showBarNTP=1
2026-09-23 17:16:46.909: [INFO] BookmarksSnapshot Shutdown total=0 bar=0 other=0 mobile=0 showBar=0 showBarNTP=1
2026-09-23 17:16:47.042: [INFO] CurrentProfilePath: D:\Algo Trading Microservice Application\AlgoTrading springboot workspace\.metadata\.plugins\org.eclipse.swt\EBWebView\Default
2026-09-23 17:16:47.042: [INFO] Profiles total count: 1
2026-09-23 17:16:47.042: [INFO] Profile: name=Profile 1 path=D:\Algo Trading Microservice Application\AlgoTrading springboot workspace\.metadata\.plugins\org.eclipse.swt\EBWebView\Default lastActive=2026-09-22T18:41:52.217Z
2026-09-23 17:16:47.042: [INFO] LastUsedProfileDir: D:\Algo Trading Microservice Application\AlgoTrading springboot workspace\.metadata\.plugins\org.eclipse.swt\EBWebView\Default
2026-09-23 17:16:47.042: [INFO] MostRecentlyActiveProfile: name=Profile 1 path=D:\Algo Trading Microservice Application\AlgoTrading springboot workspace\.metadata\.plugins\org.eclipse.swt\EBWebView\Default lastActive=2026-09-22T18:41:52.217Z
2026-09-23 17:16:47.042: [INFO] OnDoneLoading sync enabled: 0
2026-09-23 17:16:47.042: [INFO] BookmarkModelLoaded, ids_reassigned: 0
2026-09-23 17:16:47.042: [INFO] BookmarksLoadDropped droppedNodes=0
2026-09-23 17:16:47.042: [INFO] BookmarksSnapshot Startup total=0 bar=0 other=0 mobile=0 showBar=0 showBarNTP=1
2026-09-23 17:18:25.315: [INFO] BookmarksSnapshot Shutdown total=0 bar=0 other=0 mobile=0 showBar=0 showBarNTP=1
2026-09-23 18:12:13.318: [INFO] CurrentProfilePath: D:\Algo Trading Microservice Application\AlgoTrading springboot workspace\.metadata\.plugins\org.eclipse.swt\EBWebView\Default
2026-09-23 18:12:13.318: [INFO] Profiles total count: 1
2026-09-23 18:12:13.318: [INFO] Profile: name=Profile 1 path=D:\Algo Trading Microservice Application\AlgoTrading springboot workspace\.metadata\.plugins\org.eclipse.swt\EBWebView\Default lastActive=2026-09-22T18:41:52.217Z
2026-09-23 18:12:13.318: [INFO] LastUsedProfileDir: D:\Algo Trading Microservice Application\AlgoTrading springboot workspace\.metadata\.plugins\org.eclipse.swt\EBWebView\Default
2026-09-23 18:12:13.318: [INFO] MostRecentlyActiveProfile: name=Profile 1 path=D:\Algo Trading Microservice Application\AlgoTrading springboot workspace\.metadata\.plugins\org.eclipse.swt\EBWebView\Default lastActive=2026-09-22T18:41:52.217Z
2026-09-23 18:12:13.318: [INFO] OnDoneLoading sync enabled: 0
2026-09-23 18:12:13.318: [INFO] BookmarkModelLoaded, ids_reassigned: 0
2026-09-23 18:12:13.318: [INFO] BookmarksLoadDropped droppedNodes=0
2026-09-23 18:12:13.318: [INFO] BookmarksSnapshot Startup total=0 bar=0 other=0 mobile=0 showBar=0 showBarNTP=1
2026-09-23 18:12:18.228: [INFO] BookmarksSnapshot Shutdown total=0 bar=0 other=0 mobile=0 showBar=0 showBarNTP=1
2026-09-23 18:12:19.360: [INFO] CurrentProfilePath: D:\Algo Trading Microservice Application\AlgoTrading springboot workspace\.metadata\.plugins\org.eclipse.swt\EBWebView\Default
2026-09-23 18:12:19.360: [INFO] Profiles total count: 1
2026-09-23 18:12:19.360: [INFO] Profile: name=Profile 1 path=D:\Algo Trading Microservice Application\AlgoTrading springboot workspace\.metadata\.plugins\org.eclipse.swt\EBWebView\Default lastActive=2026-09-22T18:41:52.217Z
2026-09-23 18:12:19.360: [INFO] LastUsedProfileDir: D:\Algo Trading Microservice Application\AlgoTrading springboot workspace\.metadata\.plugins\org.eclipse.swt\EBWebView\Default
2026-09-23 18:12:19.360: [INFO] MostRecentlyActiveProfile: name=Profile 1 path=D:\Algo Trading Microservice Application\AlgoTrading springboot workspace\.metadata\.plugins\org.eclipse.swt\EBWebView\Default lastActive=2026-09-22T18:41:52.217Z
2026-09-23 18:12:19.360: [INFO] OnDoneLoading sync enabled: 0
2026-09-23 18:12:19.360: [INFO] BookmarkModelLoaded, ids_reassigned: 0
2026-09-23 18:12:19.360: [INFO] BookmarksLoadDropped droppedNodes=0
2026-09-23 18:12:19.360: [INFO] BookmarksSnapshot Startup total=0 bar=0 other=0 mobile=0 showBar=0 showBarNTP=1
2026-09-23 18:12:22.943: [INFO] BookmarksSnapshot Shutdown total=0 bar=0 other=0 mobile=0 showBar=0 showBarNTP=1
2026-09-23 18:12:26.049: [INFO] CurrentProfilePath: D:\Algo Trading Microservice Application\AlgoTrading springboot workspace\.metadata\.plugins\org.eclipse.swt\EBWebView\Default
2026-09-23 18:12:26.049: [INFO] Profiles total count: 1
2026-09-23 18:12:26.050: [INFO] Profile: name=Profile 1 path=D:\Algo Trading Microservice Application\AlgoTrading springboot workspace\.metadata\.plugins\org.eclipse.swt\EBWebView\Default lastActive=2026-09-22T18:41:52.217Z
2026-09-23 18:12:26.050: [INFO] LastUsedProfileDir: D:\Algo Trading Microservice Application\AlgoTrading springboot workspace\.metadata\.plugins\org.eclipse.swt\EBWebView\Default
2026-09-23 18:12:26.050: [INFO] MostRecentlyActiveProfile: name=Profile 1 path=D:\Algo Trading Microservice Application\AlgoTrading springboot workspace\.metadata\.plugins\org.eclipse.swt\EBWebView\Default lastActive=2026-09-22T18:41:52.217Z
2026-09-23 18:12:26.050: [INFO] OnDoneLoading sync enabled: 0
2026-09-23 18:12:26.050: [INFO] BookmarkModelLoaded, ids_reassigned: 0
2026-09-23 18:12:26.050: [INFO] BookmarksLoadDropped droppedNodes=0
2026-09-23 18:12:26.050: [INFO] BookmarksSnapshot Startup total=0 bar=0 other=0 mobile=0 showBar=0 showBarNTP=1
2026-09-23 18:12:41.254: [INFO] BookmarksSnapshot Shutdown total=0 bar=0 other=0 mobile=0 showBar=0 showBarNTP=1
2026-09-23 18:13:38.240: [INFO] CurrentProfilePath: D:\Algo Trading Microservice Application\AlgoTrading springboot workspace\.metadata\.plugins\org.eclipse.swt\EBWebView\Default
2026-09-23 18:13:38.240: [INFO] Profiles total count: 1
2026-09-23 18:13:38.240: [INFO] Profile: name=Profile 1 path=D:\Algo Trading Microservice Application\AlgoTrading springboot workspace\.metadata\.plugins\org.eclipse.swt\EBWebView\Default lastActive=2026-09-22T18:41:52.217Z
2026-09-23 18:13:38.240: [INFO] LastUsedProfileDir: D:\Algo Trading Microservice Application\AlgoTrading springboot workspace\.metadata\.plugins\org.eclipse.swt\EBWebView\Default
2026-09-23 18:13:38.240: [INFO] MostRecentlyActiveProfile: name=Profile 1 path=D:\Algo Trading Microservice Application\AlgoTrading springboot workspace\.metadata\.plugins\org.eclipse.swt\EBWebView\Default lastActive=2026-09-22T18:41:52.217Z
2026-09-23 18:13:38.240: [INFO] OnDoneLoading sync enabled: 0
2026-09-23 18:13:38.240: [INFO] BookmarkModelLoaded, ids_reassigned: 0
2026-09-23 18:13:38.240: [INFO] BookmarksLoadDropped droppedNodes=0
2026-09-23 18:13:38.240: [INFO] BookmarksSnapshot Startup total=0 bar=0 other=0 mobile=0 showBar=0 showBarNTP=1
2026-09-23 18:13:45.380: [INFO] BookmarksSnapshot Shutdown total=0 bar=0 other=0 mobile=0 showBar=0 showBarNTP=1
2026-09-23 18:14:54.064: [INFO] CurrentProfilePath: D:\Algo Trading Microservice Application\AlgoTrading springboot workspace\.metadata\.plugins\org.eclipse.swt\EBWebView\Default
2026-09-23 18:14:54.064: [INFO] Profiles total count: 1
2026-09-23 18:14:54.064: [INFO] Profile: name=Profile 1 path=D:\Algo Trading Microservice Application\AlgoTrading springboot workspace\.metadata\.plugins\org.eclipse.swt\EBWebView\Default lastActive=2026-09-22T18:41:52.217Z
2026-09-23 18:14:54.064: [INFO] LastUsedProfileDir: D:\Algo Trading Microservice Application\AlgoTrading springboot workspace\.metadata\.plugins\org.eclipse.swt\EBWebView\Default
2026-09-23 18:14:54.064: [INFO] MostRecentlyActiveProfile: name=Profile 1 path=D:\Algo Trading Microservice Application\AlgoTrading springboot workspace\.metadata\.plugins\org.eclipse.swt\EBWebView\Default lastActive=2026-09-22T18:41:52.217Z
2026-09-23 18:14:54.064: [INFO] OnDoneLoading sync enabled: 0
2026-09-23 18:14:54.064: [INFO] BookmarkModelLoaded, ids_reassigned: 0
2026-09-23 18:14:54.064: [INFO] BookmarksLoadDropped droppedNodes=0
2026-09-23 18:14:54.064: [INFO] BookmarksSnapshot Startup total=0 bar=0 other=0 mobile=0 showBar=0 showBarNTP=1
2026-09-23 18:14:58.329: [INFO] BookmarksSnapshot Shutdown total=0 bar=0 other=0 mobile=0 showBar=0 showBarNTP=1
2026-09-23 18:15:08.613: [INFO] CurrentProfilePath: D:\Algo Trading Microservice Application\AlgoTrading springboot workspace\.metadata\.plugins\org.eclipse.swt\EBWebView\Default
2026-09-23 18:15:08.613: [INFO] Profiles total count: 1
2026-09-23 18:15:08.613: [INFO] Profile: name=Profile 1 path=D:\Algo Trading Microservice Application\AlgoTrading springboot workspace\.metadata\.plugins\org.eclipse.swt\EBWebView\Default lastActive=2026-09-22T18:41:52.217Z
2026-09-23 18:15:08.613: [INFO] LastUsedProfileDir: D:\Algo Trading Microservice Application\AlgoTrading springboot workspace\.metadata\.plugins\org.eclipse.swt\EBWebView\Default
2026-09-23 18:15:08.613: [INFO] MostRecentlyActiveProfile: name=Profile 1 path=D:\Algo Trading Microservice Application\AlgoTrading springboot workspace\.metadata\.plugins\org.eclipse.swt\EBWebView\Default lastActive=2026-09-22T18:41:52.217Z
2026-09-23 18:15:08.613: [INFO] OnDoneLoading sync enabled: 0
2026-09-23 18:15:08.613: [INFO] BookmarkModelLoaded, ids_reassigned: 0
2026-09-23 18:15:08.613: [INFO] BookmarksLoadDropped droppedNodes=0
2026-09-23 18:15:08.613: [INFO] BookmarksSnapshot Startup total=0 bar=0 other=0 mobile=0 showBar=0 showBarNTP=1
2026-09-23 18:15:14.378: [INFO] BookmarksSnapshot Shutdown total=0 bar=0 other=0 mobile=0 showBar=0 showBarNTP=1
2026-09-23 18:15:58.725: [INFO] CurrentProfilePath: D:\Algo Trading Microservice Application\AlgoTrading springboot workspace\.metadata\.plugins\org.eclipse.swt\EBWebView\Default
2026-09-23 18:15:58.725: [INFO] Profiles total count: 1
2026-09-23 18:15:58.725: [INFO] Profile: name=Profile 1 path=D:\Algo Trading Microservice Application\AlgoTrading springboot workspace\.metadata\.plugins\org.eclipse.swt\EBWebView\Default lastActive=2026-09-22T18:41:52.217Z
2026-09-23 18:15:58.725: [INFO] LastUsedProfileDir: D:\Algo Trading Microservice Application\AlgoTrading springboot workspace\.metadata\.plugins\org.eclipse.swt\EBWebView\Default
2026-09-23 18:15:58.725: [INFO] MostRecentlyActiveProfile: name=Profile 1 path=D:\Algo Trading Microservice Application\AlgoTrading springboot workspace\.metadata\.plugins\org.eclipse.swt\EBWebView\Default lastActive=2026-09-22T18:41:52.217Z
2026-09-23 18:15:58.725: [INFO] OnDoneLoading sync enabled: 0
2026-09-23 18:15:58.725: [INFO] BookmarkModelLoaded, ids_reassigned: 0
2026-09-23 18:15:58.725: [INFO] BookmarksLoadDropped droppedNodes=0
2026-09-23 18:15:58.725: [INFO] BookmarksSnapshot Startup total=0 bar=0 other=0 mobile=0 showBar=0 showBarNTP=1
2026-09-23 18:16:04.134: [INFO] BookmarksSnapshot Shutdown total=0 bar=0 other=0 mobile=0 showBar=0 showBarNTP=1
2026-09-23 18:16:22.808: [INFO] CurrentProfilePath: D:\Algo Trading Microservice Application\AlgoTrading springboot workspace\.metadata\.plugins\org.eclipse.swt\EBWebView\Default
2026-09-23 18:16:22.808: [INFO] Profiles total count: 1
2026-09-23 18:16:22.808: [INFO] Profile: name=Profile 1 path=D:\Algo Trading Microservice Application\AlgoTrading springboot workspace\.metadata\.plugins\org.eclipse.swt\EBWebView\Default lastActive=2026-09-22T18:41:52.217Z
2026-09-23 18:16:22.808: [INFO] LastUsedProfileDir: D:\Algo Trading Microservice Application\AlgoTrading springboot workspace\.metadata\.plugins\org.eclipse.swt\EBWebView\Default
2026-09-23 18:16:22.808: [INFO] MostRecentlyActiveProfile: name=Profile 1 path=D:\Algo Trading Microservice Application\AlgoTrading springboot workspace\.metadata\.plugins\org.eclipse.swt\EBWebView\Default lastActive=2026-09-22T18:41:52.217Z
2026-09-23 18:16:22.808: [INFO] OnDoneLoading sync enabled: 0
2026-09-23 18:16:22.808: [INFO] BookmarkModelLoaded, ids_reassigned: 0
2026-09-23 18:16:22.808: [INFO] BookmarksLoadDropped droppedNodes=0
2026-09-23 18:16:22.808: [INFO] BookmarksSnapshot Startup total=0 bar=0 other=0 mobile=0 showBar=0 showBarNTP=1
2026-09-23 18:16:30.337: [INFO] BookmarksSnapshot Shutdown total=0 bar=0 other=0 mobile=0 showBar=0 showBarNTP=1
2026-09-23 18:16:50.209: [INFO] CurrentProfilePath: D:\Algo Trading Microservice Application\AlgoTrading springboot workspace\.metadata\.plugins\org.eclipse.swt\EBWebView\Default
2026-09-23 18:16:50.209: [INFO] Profiles total count: 1
2026-09-23 18:16:50.209: [INFO] Profile: name=Profile 1 path=D:\Algo Trading Microservice Application\AlgoTrading springboot workspace\.metadata\.plugins\org.eclipse.swt\EBWebView\Default lastActive=2026-09-22T18:41:52.217Z
2026-09-23 18:16:50.209: [INFO] LastUsedProfileDir: D:\Algo Trading Microservice Application\AlgoTrading springboot workspace\.metadata\.plugins\org.eclipse.swt\EBWebView\Default
2026-09-23 18:16:50.209: [INFO] MostRecentlyActiveProfile: name=Profile 1 path=D:\Algo Trading Microservice Application\AlgoTrading springboot workspace\.metadata\.plugins\org.eclipse.swt\EBWebView\Default lastActive=2026-09-22T18:41:52.217Z
2026-09-23 18:16:50.209: [INFO] OnDoneLoading sync enabled: 0
2026-09-23 18:16:50.209: [INFO] BookmarkModelLoaded, ids_reassigned: 0
2026-09-23 18:16:50.210: [INFO] BookmarksLoadDropped droppedNodes=0
2026-09-23 18:16:50.210: [INFO] BookmarksSnapshot Startup total=0 bar=0 other=0 mobile=0 showBar=0 showBarNTP=1
2026-09-23 18:16:54.537: [INFO] BookmarksSnapshot Shutdown total=0 bar=0 other=0 mobile=0 showBar=0 showBarNTP=1
2026-09-23 18:17:07.323: [INFO] CurrentProfilePath: D:\Algo Trading Microservice Application\AlgoTrading springboot workspace\.metadata\.plugins\org.eclipse.swt\EBWebView\Default
2026-09-23 18:17:07.323: [INFO] Profiles total count: 1
2026-09-23 18:17:07.324: [INFO] Profile: name=Profile 1 path=D:\Algo Trading Microservice Application\AlgoTrading springboot workspace\.metadata\.plugins\org.eclipse.swt\EBWebView\Default lastActive=2026-09-22T18:41:52.217Z
2026-09-23 18:17:07.324: [INFO] LastUsedProfileDir: D:\Algo Trading Microservice Application\AlgoTrading springboot workspace\.metadata\.plugins\org.eclipse.swt\EBWebView\Default
2026-09-23 18:17:07.324: [INFO] MostRecentlyActiveProfile: name=Profile 1 path=D:\Algo Trading Microservice Application\AlgoTrading springboot workspace\.metadata\.plugins\org.eclipse.swt\EBWebView\Default lastActive=2026-09-22T18:41:52.217Z
2026-09-23 18:17:07.324: [INFO] OnDoneLoading sync enabled: 0
2026-09-23 18:17:07.324: [INFO] BookmarkModelLoaded, ids_reassigned: 0
2026-09-23 18:17:07.324: [INFO] BookmarksLoadDropped droppedNodes=0
2026-09-23 18:17:07.324: [INFO] BookmarksSnapshot Startup total=0 bar=0 other=0 mobile=0 showBar=0 showBarNTP=1
2026-09-23 18:17:18.361: [INFO] BookmarksSnapshot Shutdown total=0 bar=0 other=0 mobile=0 showBar=0 showBarNTP=1
2026-09-23 18:17:37.150: [INFO] CurrentProfilePath: D:\Algo Trading Microservice Application\AlgoTrading springboot workspace\.metadata\.plugins\org.eclipse.swt\EBWebView\Default
2026-09-23 18:17:37.150: [INFO] Profiles total count: 1
2026-09-23 18:17:37.150: [INFO] Profile: name=Profile 1 path=D:\Algo Trading Microservice Application\AlgoTrading springboot workspace\.metadata\.plugins\org.eclipse.swt\EBWebView\Default lastActive=2026-09-22T18:41:52.217Z
2026-09-23 18:17:37.150: [INFO] LastUsedProfileDir: D:\Algo Trading Microservice Application\AlgoTrading springboot workspace\.metadata\.plugins\org.eclipse.swt\EBWebView\Default
2026-09-23 18:17:37.150: [INFO] MostRecentlyActiveProfile: name=Profile 1 path=D:\Algo Trading Microservice Application\AlgoTrading springboot workspace\.metadata\.plugins\org.eclipse.swt\EBWebView\Default lastActive=2026-09-22T18:41:52.217Z
2026-09-23 18:17:37.150: [INFO] OnDoneLoading sync enabled: 0
2026-09-23 18:17:37.150: [INFO] BookmarkModelLoaded, ids_reassigned: 0
2026-09-23 18:17:37.150: [INFO] BookmarksLoadDropped droppedNodes=0
2026-09-23 18:17:37.150: [INFO] BookmarksSnapshot Startup total=0 bar=0 other=0 mobile=0 showBar=0 showBarNTP=1
2026-09-23 18:20:06.159: [INFO] BookmarksSnapshot Shutdown total=0 bar=0 other=0 mobile=0 showBar=0 showBarNTP=1
2026-09-23 18:20:11.397: [INFO] CurrentProfilePath: D:\Algo Trading Microservice Application\AlgoTrading springboot workspace\.metadata\.plugins\org.eclipse.swt\EBWebView\Default
2026-09-23 18:20:11.397: [INFO] Profiles total count: 1
2026-09-23 18:20:11.397: [INFO] Profile: name=Profile 1 path=D:\Algo Trading Microservice Application\AlgoTrading springboot workspace\.metadata\.plugins\org.eclipse.swt\EBWebView\Default lastActive=2026-09-22T18:41:52.217Z
2026-09-23 18:20:11.397: [INFO] LastUsedProfileDir: D:\Algo Trading Microservice Application\AlgoTrading springboot workspace\.metadata\.plugins\org.eclipse.swt\EBWebView\Default
2026-09-23 18:20:11.397: [INFO] MostRecentlyActiveProfile: name=Profile 1 path=D:\Algo Trading Microservice Application\AlgoTrading springboot workspace\.metadata\.plugins\org.eclipse.swt\EBWebView\Default lastActive=2026-09-22T18:41:52.217Z
2026-09-23 18:20:11.397: [INFO] OnDoneLoading sync enabled: 0
2026-09-23 18:20:11.397: [INFO] BookmarkModelLoaded, ids_reassigned: 0
2026-09-23 18:20:11.397: [INFO] BookmarksLoadDropped droppedNodes=0
2026-09-23 18:20:11.397: [INFO] BookmarksSnapshot Startup total=0 bar=0 other=0 mobile=0 showBar=0 showBarNTP=1
2026-09-23 20:15:11.639: [INFO] BookmarksSnapshot Shutdown total=0 bar=0 other=0 mobile=0 showBar=0 showBarNTP=1
